data,arrecadacao_total_federal_milhoes,arrecadacao_rfb_administrada_milhoes,arrecadacao_outros_orgaos_milhoes,ano,mes
1994-01,4977.682375,,,1994,1
1994-02,4549.791140,,,1994,2
1994-03,4545.002331,,,1994,3
1994-04,5333.537642,,,1994,4
1994-05,4889.272792,,,1994,5
1994-06,5060.521261,,,1994,6
1994-07,4681.599318,,,1994,7
1994-08,5500.268505,,,1994,8
1994-09,5798.960961,,,1994,9
1994-10,5695.911963,,,1994,10
1994-11,5894.512098,,,1994,11
1994-12,7393.440136,,,1994,12
1995-01,8960.995765,,,1995,1
1995-02,8310.605587,,,1995,2
1995-03,9647.731438,,,1995,3
1995-04,8944.898100,,,1995,4
1995-05,10882.205734,,,1995,5
1995-06,10214.375222,,,1995,6
1995-07,9579.193639,,,1995,7
1995-08,9779.320748,,,1995,8
1995-09,9818.369417,,,1995,9
1995-10,10143.272805,,,1995,10
1995-11,10056.498797,,,1995,11
1995-12,12805.524739,,,1995,12
1996-01,10129.467040,,,1996,1
1996-02,9509.487743,,,1996,2
1996-03,13273.237485,,,1996,3
1996-04,10344.858180,,,1996,4
1996-05,10689.042312,,,1996,5
1996-06,10617.985366,,,1996,6
1996-07,11330.443826,,,1996,7
1996-08,10987.567738,,,1996,8
1996-09,11609.825661,,,1996,9
1996-10,11617.124560,,,1996,10
1996-11,11576.042370,,,1996,11
1996-12,17097.201861,,,1996,12
1997-01,12185.084717,,,1997,1
1997-02,11598.720458,,,1997,2
1997-03,12962.868520,,,1997,3
1997-04,13352.688420,,,1997,4
1997-05,12453.030681,,,1997,5
1997-06,12345.430937,,,1997,6
1997-07,13621.243702,,,1997,7
1997-08,13807.108460,,,1997,8
1997-09,13022.678647,,,1997,9
1997-10,13682.821590,,,1997,10
1997-11,13043.163265,,,1997,11
1997-12,18571.833443,,,1997,12
1998-01,15298.325224,,,1998,1
1998-02,13732.628085,,,1998,2
1998-03,17753.317658,,,1998,3
1998-04,16088.743690,,,1998,4
1998-05,13243.969560,,,1998,5
1998-06,12975.474503,,,1998,6
1998-07,14443.490954,,,1998,7
1998-08,20291.714690,,,1998,8
1998-09,14060.755478,,,1998,9
1998-10,13669.988348,,,1998,10
1998-11,12715.401385,,,1998,11
1998-12,19011.040160,,,1998,12
1999-01,14400.341656,,,1999,1
1999-02,16367.110775,,,1999,2
1999-03,17332.271741,,,1999,3
1999-04,15918.843280,,,1999,4
1999-05,14212.206411,,,1999,5
1999-06,15358.692375,,,1999,6
1999-07,17972.708459,,,1999,7
1999-08,17572.690759,,,1999,8
1999-09,18257.292255,,,1999,9
1999-10,16882.305573,,,1999,10
1999-11,17294.680444,,,1999,11
1999-12,22450.467911,,,1999,12
2000-01,18445.285678,,,2000,1
2000-02,17189.315528,,,2000,2
2000-03,19800.330399,,,2000,3
2000-04,18217.809190,,,2000,4
2000-05,17554.851114,,,2000,5
2000-06,18153.841672,,,2000,6
2000-07,18866.000548,,,2000,7
2000-08,22038.257629,,,2000,8
2000-09,18498.187571,,,2000,9
2000-10,20476.316046,,,2000,10
2000-11,20043.386037,,,2000,11
2000-12,24973.413993,,,2000,12
2001-01,22633.832094,,,2001,1
2001-02,18150.773048,,,2001,2
2001-03,20083.742154,,,2001,3
2001-04,21889.774658,,,2001,4
2001-05,21186.038204,,,2001,5
2001-06,21530.527644,,,2001,6
2001-07,22237.149806,,,2001,7
2001-08,22229.496283,,,2001,8
2001-09,20706.019172,,,2001,9
2001-10,23620.440076,,,2001,10
2001-11,21883.046147,,,2001,11
2001-12,27118.380964,,,2001,12
2002-01,28235.181025,,,2002,1
2002-02,22927.559911,,,2002,2
2002-03,22682.454118,,,2002,3
2002-04,25540.248853,,,2002,4
2002-05,23954.982008,,,2002,5
2002-06,22975.049350,,,2002,6
2002-07,27725.369180,,,2002,7
2002-08,24604.868815,,,2002,8
2002-09,28889.476846,,,2002,9
2002-10,29894.335034,,,2002,10
2002-11,27417.555275,,,2002,11
2002-12,32282.108030,,,2002,12
2003-01,32253.895777,,,2003,1
2003-02,26851.622397,,,2003,2
2003-03,25716.681982,,,2003,3
2003-04,31402.242818,,,2003,4
2003-05,28247.827022,,,2003,5
2003-06,25836.503066,,,2003,6
2003-07,30109.881433,,,2003,7
2003-08,26579.285426,,,2003,8
2003-09,27694.864079,,,2003,9
2003-10,32832.059590,,,2003,10
2003-11,30496.171157,,,2003,11
2003-12,37985.781624,,,2003,12
2004-01,34820.512159,,,2004,1
2004-02,30150.806148,,,2004,2
2004-03,31600.583048,,,2004,3
2004-04,34470.008035,,,2004,4
2004-05,31834.985996,,,2004,5
2004-06,34090.337072,,,2004,6
2004-07,35856.157630,,,2004,7
2004-08,33636.299775,,,2004,8
2004-09,34911.949268,,,2004,9
2004-10,37317.520506,,,2004,10
2004-11,33647.337306,,,2004,11
2004-12,46442.537869,,,2004,12
2005-01,40200.366311,,,2005,1
2005-02,33447.682489,,,2005,2
2005-03,36006.083734,,,2005,3
2005-04,40475.006264,,,2005,4
2005-05,35498.410484,,,2005,5
2005-06,40234.733346,,,2005,6
2005-07,39707.160975,,,2005,7
2005-08,38449.056611,,,2005,8
2005-09,37169.438331,,,2005,9
2005-10,41579.996661,,,2005,10
2005-11,39335.092410,,,2005,11
2005-12,52546.353015,,,2005,12
2006-01,44498.846103,,,2006,1
2006-02,38318.243510,,,2006,2
2006-03,40065.296079,,,2006,3
2006-04,45679.959514,,,2006,4
2006-05,39896.365053,,,2006,5
2006-06,45371.829767,,,2006,6
2006-07,44229.398373,,,2006,7
2006-08,42110.637300,,,2006,8
2006-09,45846.967781,,,2006,9
2006-10,47921.651393,,,2006,10
2006-11,43334.914039,,,2006,11
2006-12,58080.330233,,,2006,12
2007-01,50894.041150,,,2007,1
2007-02,42832.512138,,,2007,2
2007-03,46242.793902,,,2007,3
2007-04,52075.911847,,,2007,4
2007-05,46396.264675,,,2007,5
2007-06,50220.450040,,,2007,6
2007-07,51421.338951,,,2007,7
2007-08,49787.250498,,,2007,8
2007-09,50181.019815,,,2007,9
2007-10,56470.094646,,,2007,10
2007-11,54152.218278,,,2007,11
2007-12,67292.484942,,,2007,12
2008-01,63621.627705,,,2008,1
2008-02,49431.321252,,,2008,2
2008-03,52074.495715,,,2008,3
2008-04,60806.153045,,,2008,4
2008-05,51556.392431,,,2008,5
2008-06,56883.348455,,,2008,6
2008-07,63253.153497,,,2008,7
2008-08,55104.561761,,,2008,8
2008-09,56835.938371,,,2008,9
2008-10,66942.554456,,,2008,10
2008-11,57045.851215,,,2008,11
2008-12,68190.674765,,,2008,12
2009-01,62842.003433,,,2009,1
2009-02,46260.157583,,,2009,2
2009-03,54763.625361,,,2009,3
2009-04,59020.859992,,,2009,4
2009-05,51193.199459,,,2009,5
2009-06,55391.288070,,,2009,6
2009-07,60076.989818,,,2009,7
2009-08,53530.501568,,,2009,8
2009-09,52905.633119,,,2009,9
2009-10,70239.404768,,,2009,10
2009-11,74644.729001,,,2009,11
2009-12,75933.682681,,,2009,12
2010-01,74495.829991,,,2010,1
2010-02,55082.064653,,,2010,2
2010-03,60875.890076,,,2010,3
2010-04,72460.799766,,,2010,4
2010-05,62635.271956,,,2010,5
2010-06,62991.848490,,,2010,6
2010-07,69612.610854,,,2010,7
2010-08,64362.016450,,,2010,8
2010-09,65087.945664,,,2010,9
2010-10,76073.762744,,,2010,10
2010-11,69599.810955,,,2010,11
2010-12,93241.106487,,,2010,12
2011-01,91071.094408,,,2011,1
2011-02,64139.232161,,,2011,2
2011-03,70983.963813,,,2011,3
2011-04,85155.077158,,,2011,4
2011-05,71533.937538,,,2011,5
2011-06,82726.233870,,,2011,6
2011-07,90247.252098,,,2011,7
2011-08,74607.394397,,,2011,8
2011-09,75100.424696,,,2011,9
2011-10,88736.645566,,,2011,10
2011-11,78965.703942,,,2011,11
2011-12,96625.104951,,,2011,12
2012-01,102579.239342,,,2012,1
2012-02,71902.465251,,,2012,2
2012-03,82366.946760,,,2012,3
2012-04,92628.007068,,,2012,4
2012-05,77971.005549,,,2012,5
2012-06,81107.488554,,,2012,6
2012-07,87946.653500,,,2012,7
2012-08,77074.254351,,,2012,8
2012-09,78214.925782,,,2012,9
2012-10,90515.966720,,,2012,10
2012-11,83706.984852,,,2012,11
2012-12,103245.676823,,,2012,12
2013-01,116066.258170,,,2013,1
2013-02,76051.013158,,,2013,2
2013-03,80112.597265,,,2013,3
2013-04,98713.757061,,,2013,4
2013-05,87860.432435,,,2013,5
2013-06,85681.315735,,,2013,6
2013-07,94294.478079,,,2013,7
2013-08,83956.970799,,,2013,8
2013-09,84212.298750,,,2013,9
2013-10,100998.128442,,,2013,10
2013-11,112518.299681,,,2013,11
2013-12,118364.665099,,,2013,12
2014-01,123666.855676,,,2014,1
2014-02,83142.969039,,,2014,2
2014-03,86624.639222,,,2014,3
2014-04,105885.328878,,,2014,4
2014-05,87896.543306,,,2014,5
2014-06,91387.340528,,,2014,6
2014-07,98816.435312,,,2014,7
2014-08,94377.041364,,,2014,8
2014-09,90720.834945,,,2014,9
2014-10,106216.471361,,,2014,10
2014-11,104472.398315,,,2014,11
2014-12,114743.500014,,,2014,12
2015-01,125281.866927,,,2015,1
2015-02,89981.626123,,,2015,2
2015-03,94112.148870,,,2015,3
2015-04,109241.177462,,,2015,4
2015-05,91500.225915,,,2015,5
2015-06,97090.696596,,,2015,6
2015-07,104867.989025,,,2015,7
2015-08,93738.269060,,,2015,8
2015-09,95239.287266,,,2015,9
2015-10,103530.061813,,,2015,10
2015-11,95461.157051,,,2015,11
2015-12,121501.991065,,,2015,12
2016-01,129384.850559,,,2016,1
2016-02,87850.752670,,,2016,2
2016-03,95778.542448,,,2016,3
2016-04,110895.221129,,,2016,4
2016-05,95218.705386,,,2016,5
2016-06,98128.876166,,,2016,6
2016-07,107415.691555,,,2016,7
2016-08,91808.103506,,,2016,8
2016-09,94769.985088,,,2016,9
2016-10,148800.818220,,,2016,10
2016-11,102245.416150,,,2016,11
2016-12,127607.216763,,,2016,12
2017-01,137391.717659,,,2017,1
2017-02,92358.296559,,,2017,2
2017-03,98994.206162,,,2017,3
2017-04,118046.540102,,,2017,4
2017-05,97693.826202,,,2017,5
2017-06,104099.846076,,,2017,6
2017-07,109948.114590,,,2017,7
2017-08,104206.248717,,,2017,8
2017-09,105594.868796,,,2017,9
2017-10,121143.774036,,,2017,10
2017-11,115088.684899,,,2017,11
2017-12,137841.548552,,,2017,12
2018-01,155619.494880,,,2018,1
2018-02,105122.381755,,,2018,2
2018-03,105659.171464,,,2018,3
2018-04,130806.479065,,,2018,4
2018-05,106192.360999,,,2018,5
2018-06,110855.037057,,,2018,6
2018-07,129614.930281,,,2018,7
2018-08,109751.105793,,,2018,8
2018-09,110663.570120,,,2018,9
2018-10,131880.409624,,,2018,10
2018-11,119420.356002,,,2018,11
2018-12,141528.568321,,,2018,12
2019-01,160425.520723,,,2019,1
2019-02,115061.580238,,,2019,2
2019-03,109854.065429,,,2019,3
2019-04,139029.645923,,,2019,4
2019-05,113278.009570,,,2019,5
2019-06,119946.397764,,,2019,6
2019-07,137734.545913,,,2019,7
2019-08,119951.348695,,,2019,8
2019-09,113933.472043,,,2019,9
2019-10,135202.393686,,,2019,10
2019-11,125160.992140,,,2019,11
2019-12,147500.721419,,,2019,12
2020-01,174990.565366,,,2020,1
2020-02,116430.359740,,,2020,2
2020-03,109717.508960,,,2020,3
2020-04,101154.207773,,,2020,4
2020-05,77415.351562,,,2020,5
2020-06,86258.194897,,,2020,6
2020-07,115990.223957,,,2020,7
2020-08,124504.587604,,,2020,8
2020-09,119825.154833,,,2020,9
2020-10,153938.078558,,,2020,10
2020-11,140101.214828,,,2020,11
2020-12,159064.578708,,,2020,12
2021-01,180221.243075,171798.092940,8423.150135,2021,1
2021-02,127747.157932,124692.725070,3054.432862,2021,2
2021-03,137931.555346,134617.184955,3314.370391,2021,3
2021-04,156821.810335,142891.907953,13929.902382,2021,4
2021-05,142105.767717,137927.279302,4178.488414,2021,5
2021-06,137168.905664,133007.717774,4161.187889,2021,6
2021-07,171269.638763,156528.148057,14741.490706,2021,7
2021-08,146462.672819,141895.928603,4566.744216,2021,8
2021-09,149102.004823,145077.674952,4024.329870,2021,9
2021-10,178742.389785,162048.147172,16694.242613,2021,10
2021-11,157340.169035,152545.653110,4794.515925,2021,11
2021-12,193902.209509,188996.441134,4905.768375,2021,12
2022-01,235321.292669,217420.659762,17900.632907,2022,1
2022-02,148664.208394,143282.112397,5382.095997,2022,2
2022-03,164146.656887,158649.574481,5497.082406,2022,3
2022-04,195085.059988,172025.908931,23059.151057,2022,4
2022-05,165333.491662,159304.163252,6029.328410,2022,5
2022-06,181040.220218,174301.895255,6738.324962,2022,6
2022-07,202588.207173,181267.302609,21320.904564,2022,7
2022-08,172314.203344,165183.767582,7130.435761,2022,8
2022-09,166286.702757,159602.793679,6683.909079,2022,9
2022-10,205475.239946,185284.006399,20191.233547,2022,10
2022-11,172037.548188,165640.652470,6396.895717,2022,11
2022-12,210191.007390,204015.718514,6175.288875,2022,12
2023-01,251744.502812,234931.618919,16812.883893,2023,1
2023-02,158994.533469,153032.644243,5961.889226,2023,2
2023-03,171056.362117,165919.144525,5137.217593,2023,3
2023-04,203888.540483,188583.933598,15304.606885,2023,4
2023-05,176812.099466,171428.499891,5383.599575,2023,5
2023-06,180475.242972,174955.859076,5519.383895,2023,6
2023-07,201828.779738,187116.618064,14712.161674,2023,7
2023-08,172784.955827,167035.672360,5749.283467,2023,8
2023-09,174315.643631,168205.379072,6110.264559,2023,9
2023-10,215601.822968,195583.736454,20018.086514,2023,10
2023-11,179392.377009,172502.876796,6889.500213,2023,11
2023-12,231225.397717,225138.456755,6086.940963,2023,12
2024-01,280635.992548,262874.952267,17761.040282,2024,1
2024-02,186522.463138,179020.863486,7501.599653,2024,2
2024-03,190610.725250,182876.240645,7734.484606,2024,3
2024-04,228872.623318,213301.377919,15571.245398,2024,4
2024-05,202978.972727,196679.031969,6299.940757,2024,5
2024-06,208843.607207,200533.027355,8310.579852,2024,6
2024-07,231043.725486,214791.574245,16252.151240,2024,7
2024-08,201622.139792,195119.887036,6502.252756,2024,8
2024-09,203168.677262,196645.952130,6522.725131,2024,9
2024-10,247920.255814,225232.961750,22687.294064,2024,10
2024-11,209217.625381,203092.745951,6124.879430,2024,11
2024-12,261265.034294,254053.661449,7211.372845,2024,12
2025-01,301164.384343,285027.913863,16136.470480,2025,1
2025-02,202453.301847,195263.749570,7189.552277,2025,2
2025-03,209673.045848,203324.595302,6348.450546,2025,3
2025-04,247714.805690,231003.186491,16711.619199,2025,4
2025-05,230151.820626,223750.399732,6401.420894,2025,5
2025-06,234593.645928,226634.260841,7959.385087,2025,6
2025-07,254221.110883,239000.352598,15220.758285,2025,7
2025-08,208791.452753,201997.003386,6794.449368,2025,8
2025-09,216726.510647,210701.866437,6024.644210,2025,9
2025-10,261908.164271,246950.904706,14957.259565,2025,10
2025-11,226752.691396,214397.858850,12354.832546,2025,11
2025-12,292723.869099,285210.330467,7513.538632,2025,12
2026-01,325751.250553,313200.518378,12550.732175,2026,1
2026-02,222117.309566,215210.197214,6907.112352,2026,2
2026-03,229248.795919,223531.004603,5717.791316,2026,3
2026-04,278822.730881,258779.059234,20043.671646,2026,4
2026-05,266793.191289,256316.139425,10477.051864,2026,5
2026-06,264436.891368,255307.253509,9129.637859,2026,6
2026-07,289345.540375,268859.154554,20486.385821,2026,7
2026-08,235566.275877,227865.263479,7701.012398,2026,8
