data,dbgg_percentual_pib,dlgg_percentual_pib,ipca_variacao_mensal_percentual
1980-01-01,,,6.62
1980-02-01,,,4.62
1980-03-01,,,6.04
1980-04-01,,,5.29
1980-05-01,,,5.7
1980-06-01,,,5.31
1980-07-01,,,5.55
1980-08-01,,,4.95
1980-09-01,,,4.23
1980-10-01,,,9.48
1980-11-01,,,6.67
1980-12-01,,,6.61
1981-01-01,,,6.84
1981-02-01,,,6.4
1981-03-01,,,4.97
1981-04-01,,,6.46
1981-05-01,,,5.56
1981-06-01,,,5.52
1981-07-01,,,6.26
1981-08-01,,,5.5
1981-09-01,,,5.26
1981-10-01,,,5.08
1981-11-01,,,5.27
1981-12-01,,,5.93
1982-01-01,,,6.97
1982-02-01,,,6.64
1982-03-01,,,5.71
1982-04-01,,,5.89
1982-05-01,,,6.66
1982-06-01,,,7.1
1982-07-01,,,6.36
1982-08-01,,,5.97
1982-09-01,,,5.08
1982-10-01,,,4.44
1982-11-01,,,5.29
1982-12-01,,,7.81
1983-01-01,,,8.64
1983-02-01,,,7.86
1983-03-01,,,7.34
1983-04-01,,,6.58
1983-05-01,,,6.48
1983-06-01,,,9.88
1983-07-01,,,10.08
1983-08-01,,,9.11
1983-09-01,,,10.3
1983-10-01,,,8.87
1983-11-01,,,7.38
1983-12-01,,,8.68
1984-01-01,,,9.67
1984-02-01,,,9.5
1984-03-01,,,8.94
1984-04-01,,,9.54
1984-05-01,,,9.05
1984-06-01,,,10.08
1984-07-01,,,9.72
1984-08-01,,,9.35
1984-09-01,,,11.75
1984-10-01,,,10.44
1984-11-01,,,10.53
1984-12-01,,,11.98
1985-01-01,,,11.76
1985-02-01,,,10.87
1985-03-01,,,10.16
1985-04-01,,,8.2
1985-05-01,,,7.2
1985-06-01,,,8.49
1985-07-01,,,10.31
1985-08-01,,,12.05
1985-09-01,,,11.12
1985-10-01,,,10.62
1985-11-01,,,13.97
1985-12-01,,,15.07
1986-01-01,,,14.37
1986-02-01,,,12.72
1986-03-01,,,4.77
1986-04-01,,,0.78
1986-05-01,,,1.4
1986-06-01,,,1.27
1986-07-01,,,1.71
1986-08-01,,,3.55
1986-09-01,,,1.72
1986-10-01,,,1.9
1986-11-01,,,5.45
1986-12-01,,,11.65
1987-01-01,,,13.21
1987-02-01,,,12.64
1987-03-01,,,16.37
1987-04-01,,,19.1
1987-05-01,,,21.45
1987-06-01,,,19.71
1987-07-01,,,9.21
1987-08-01,,,4.87
1987-09-01,,,7.78
1987-10-01,,,11.22
1987-11-01,,,15.08
1987-12-01,,,14.15
1988-01-01,,,18.89
1988-02-01,,,15.7
1988-03-01,,,17.6
1988-04-01,,,19.29
1988-05-01,,,17.42
1988-06-01,,,22.0
1988-07-01,,,21.91
1988-08-01,,,21.59
1988-09-01,,,27.45
1988-10-01,,,25.62
1988-11-01,,,27.94
1988-12-01,,,28.7
1989-01-01,,,37.49
1989-02-01,,,16.78
1989-03-01,,,6.82
1989-04-01,,,8.33
1989-05-01,,,17.92
1989-06-01,,,28.65
1989-07-01,,,27.74
1989-08-01,,,33.71
1989-09-01,,,37.56
1989-10-01,,,39.77
1989-11-01,,,47.82
1989-12-01,,,51.5
1990-01-01,,,67.55
1990-02-01,,,75.73
1990-03-01,,,82.39
1990-04-01,,,15.52
1990-05-01,,,7.59
1990-06-01,,,11.75
1990-07-01,,,12.92
1990-08-01,,,12.88
1990-09-01,,,14.41
1990-10-01,,,14.36
1990-11-01,,,16.81
1990-12-01,,,18.44
1991-01-01,,,20.75
1991-02-01,,,20.72
1991-03-01,,,11.92
1991-04-01,,,4.99
1991-05-01,,,7.43
1991-06-01,,,11.19
1991-07-01,,,12.41
1991-08-01,,,15.63
1991-09-01,,,15.63
1991-10-01,,,20.23
1991-11-01,,,25.21
1991-12-01,,,23.71
1992-01-01,,,25.94
1992-02-01,,,24.32
1992-03-01,,,21.4
1992-04-01,,,19.93
1992-05-01,,,24.86
1992-06-01,,,20.21
1992-07-01,,,21.83
1992-08-01,,,22.14
1992-09-01,,,24.63
1992-10-01,,,25.24
1992-11-01,,,22.49
1992-12-01,,,25.24
1993-01-01,,,30.35
1993-02-01,,,24.98
1993-03-01,,,27.26
1993-04-01,,,27.75
1993-05-01,,,27.69
1993-06-01,,,30.07
1993-07-01,,,30.72
1993-08-01,,,32.96
1993-09-01,,,35.69
1993-10-01,,,33.92
1993-11-01,,,35.56
1993-12-01,,,36.84
1994-01-01,,,41.31
1994-02-01,,,40.27
1994-03-01,,,42.75
1994-04-01,,,42.68
1994-05-01,,,44.03
1994-06-01,,,47.43
1994-07-01,,,6.84
1994-08-01,,,1.86
1994-09-01,,,1.53
1994-10-01,,,2.62
1994-11-01,,,2.81
1994-12-01,,,1.71
1995-01-01,,,1.7
1995-02-01,,,1.02
1995-03-01,,,1.55
1995-04-01,,,2.43
1995-05-01,,,2.67
1995-06-01,,,2.26
1995-07-01,,,2.36
1995-08-01,,,0.99
1995-09-01,,,0.99
1995-10-01,,,1.41
1995-11-01,,,1.47
1995-12-01,,,1.56
1996-01-01,,,1.34
1996-02-01,,,1.03
1996-03-01,,,0.35
1996-04-01,,,1.26
1996-05-01,,,1.22
1996-06-01,,,1.19
1996-07-01,,,1.11
1996-08-01,,,0.44
1996-09-01,,,0.15
1996-10-01,,,0.3
1996-11-01,,,0.32
1996-12-01,,,0.47
1997-01-01,,,1.18
1997-02-01,,,0.5
1997-03-01,,,0.51
1997-04-01,,,0.88
1997-05-01,,,0.41
1997-06-01,,,0.54
1997-07-01,,,0.22
1997-08-01,,,-0.02
1997-09-01,,,0.06
1997-10-01,,,0.23
1997-11-01,,,0.17
1997-12-01,,,0.43
1998-01-01,,,0.71
1998-02-01,,,0.46
1998-03-01,,,0.34
1998-04-01,,,0.24
1998-05-01,,,0.5
1998-06-01,,,0.02
1998-07-01,,,-0.12
1998-08-01,,,-0.51
1998-09-01,,,-0.22
1998-10-01,,,0.02
1998-11-01,,,-0.12
1998-12-01,,,0.33
1999-01-01,,,0.7
1999-02-01,,,1.05
1999-03-01,,,1.1
1999-04-01,,,0.56
1999-05-01,,,0.3
1999-06-01,,,0.19
1999-07-01,,,1.09
1999-08-01,,,0.56
1999-09-01,,,0.31
1999-10-01,,,1.19
1999-11-01,,,0.95
1999-12-01,,,0.6
2000-01-01,,,0.62
2000-02-01,,,0.13
2000-03-01,,,0.22
2000-04-01,,,0.42
2000-05-01,,,0.01
2000-06-01,,,0.23
2000-07-01,,,1.61
2000-08-01,,,1.31
2000-09-01,,,0.23
2000-10-01,,,0.14
2000-11-01,,,0.32
2000-12-01,,,0.59
2001-01-01,,,0.57
2001-02-01,,,0.46
2001-03-01,,,0.38
2001-04-01,,,0.58
2001-05-01,,,0.41
2001-06-01,,,0.52
2001-07-01,,,1.33
2001-08-01,,,0.7
2001-09-01,,,0.28
2001-10-01,,,0.83
2001-11-01,,,0.71
2001-12-01,,,0.65
2002-01-01,,50.36,0.52
2002-02-01,,49.62,0.36
2002-03-01,,49.0,0.6
2002-04-01,,49.09,0.8
2002-05-01,,50.32,0.21
2002-06-01,,52.5,0.42
2002-07-01,,57.3,1.19
2002-08-01,,53.35,0.65
2002-09-01,,59.8,0.72
2002-10-01,,57.63,1.31
2002-11-01,,57.87,3.02
2002-12-01,,57.75,2.1
2003-01-01,,58.45,2.25
2003-02-01,,58.63,1.57
2003-03-01,,56.99,1.23
2003-04-01,,53.36,0.97
2003-05-01,,53.97,0.61
2003-06-01,,53.56,-0.15
2003-07-01,,54.42,0.2
2003-08-01,,54.6,0.34
2003-09-01,,52.38,0.78
2003-10-01,,51.37,0.29
2003-11-01,,51.82,0.34
2003-12-01,,52.46,0.52
2004-01-01,,52.88,0.76
2004-02-01,,52.18,0.61
2004-03-01,,51.75,0.47
2004-04-01,,51.47,0.37
2004-05-01,,52.19,0.51
2004-06-01,,51.77,0.71
2004-07-01,,51.03,0.91
2004-08-01,,50.42,0.69
2004-09-01,,49.74,0.33
2004-10-01,,49.7,0.44
2004-11-01,,48.89,0.69
2004-12-01,,49.09,0.86
2005-01-01,,48.49,0.58
2005-02-01,,48.19,0.59
2005-03-01,,48.22,0.61
2005-04-01,,47.11,0.87
2005-05-01,,46.49,0.49
2005-06-01,,46.48,-0.02
2005-07-01,,46.65,0.25
2005-08-01,,46.51,0.17
2005-09-01,,45.96,0.35
2005-10-01,,45.86,0.75
2005-11-01,,45.71,0.55
2005-12-01,,46.54,0.36
2006-01-01,,46.68,0.59
2006-02-01,,46.38,0.41
2006-03-01,,46.38,0.43
2006-04-01,,45.59,0.21
2006-05-01,,46.21,0.1
2006-06-01,,45.69,-0.21
2006-07-01,,45.58,0.19
2006-08-01,,45.34,0.05
2006-09-01,,45.44,0.21
2006-10-01,,44.94,0.33
2006-11-01,,45.0,0.31
2006-12-01,55.48,45.29,0.48
2007-01-01,56.17,45.29,0.44
2007-02-01,56.9,45.2,0.44
2007-03-01,57.24,44.76,0.37
2007-04-01,57.17,43.97,0.25
2007-05-01,57.91,43.42,0.28
2007-06-01,58.23,43.03,0.28
2007-07-01,58.32,42.68,0.24
2007-08-01,58.46,42.77,0.47
2007-09-01,57.88,42.5,0.18
2007-10-01,57.49,43.08,0.3
2007-11-01,57.26,43.04,0.38
2007-12-01,56.72,43.43,0.74
2008-01-01,57.51,42.72,0.54
2008-02-01,57.04,42.76,0.49
2008-03-01,57.09,41.98,0.48
2008-04-01,56.52,41.87,0.55
2008-05-01,55.82,42.09,0.79
2008-06-01,55.6,42.95,0.74
2008-07-01,55.53,42.81,0.53
2008-08-01,54.95,42.11,0.28
2008-09-01,54.83,40.06,0.26
2008-10-01,55.05,38.21,0.45
2008-11-01,54.64,37.16,0.36
2008-12-01,55.98,37.79,0.28
2009-01-01,56.87,38.21,0.48
2009-02-01,57.18,38.26,0.55
2009-03-01,57.47,37.94,0.2
2009-04-01,56.8,38.48,0.48
2009-05-01,57.07,39.51,0.47
2009-06-01,58.34,39.9,0.36
2009-07-01,59.68,40.95,0.24
2009-08-01,60.77,40.95,0.15
2009-09-01,60.8,41.9,0.24
2009-10-01,61.0,41.79,0.28
2009-11-01,60.22,41.32,0.41
2009-12-01,59.21,41.35,0.37
2010-01-01,59.76,40.18,0.75
2010-02-01,59.03,40.45,0.78
2010-03-01,56.24,40.41,0.52
2010-04-01,56.05,40.01,0.57
2010-05-01,55.96,39.56,0.43
2010-06-01,55.78,39.51,0.0
2010-07-01,55.53,39.62,0.01
2010-08-01,54.98,39.43,0.04
2010-09-01,54.89,38.63,0.45
2010-10-01,55.07,38.32,0.75
2010-11-01,54.65,38.23,0.83
2010-12-01,51.77,38.48,0.63
2011-01-01,52.4,38.08,0.83
2011-02-01,52.37,38.07,0.8
2011-03-01,52.61,38.02,0.79
2011-04-01,52.61,37.94,0.77
2011-05-01,52.22,37.84,0.47
2011-06-01,52.35,37.73,0.15
2011-07-01,52.52,37.5,0.16
2011-08-01,52.29,36.99,0.37
2011-09-01,52.11,35.15,0.53
2011-10-01,51.7,36.17,0.43
2011-11-01,51.76,35.38,0.52
2011-12-01,51.27,35.1,0.5
2012-01-01,51.83,35.62,0.56
2012-02-01,52.22,35.75,0.45
2012-03-01,52.72,34.7,0.21
2012-04-01,53.22,33.95,0.64
2012-05-01,53.27,33.3,0.36
2012-06-01,53.42,33.42,0.08
2012-07-01,53.6,33.17,0.43
2012-08-01,53.33,33.39,0.41
2012-09-01,54.05,33.11,0.57
2012-10-01,54.52,33.0,0.59
2012-11-01,54.65,32.68,0.6
2012-12-01,53.67,32.84,0.79
2013-01-01,53.98,32.92,0.86
2013-02-01,54.03,33.37,0.6
2013-03-01,54.05,32.96,0.47
2013-04-01,53.78,32.78,0.55
2013-05-01,53.92,32.19,0.37
2013-06-01,53.61,31.92,0.26
2013-07-01,53.7,31.59,0.03
2013-08-01,53.44,31.39,0.24
2013-09-01,52.95,31.92,0.35
2013-10-01,53.1,32.16,0.57
2013-11-01,52.73,31.22,0.54
2013-12-01,51.54,31.14,0.92
2014-01-01,52.63,30.71,0.55
2014-02-01,51.84,31.05,0.69
2014-03-01,51.79,31.17,0.92
2014-04-01,52.0,31.16,0.67
2014-05-01,52.18,31.55,0.46
2014-06-01,52.75,31.92,0.4
2014-07-01,53.17,32.08,0.01
2014-08-01,53.81,32.59,0.25
2014-09-01,55.11,32.55,0.57
2014-10-01,55.43,32.86,0.42
2014-11-01,56.01,32.92,0.51
2014-12-01,56.28,33.15,0.78
2015-01-01,57.16,33.35,1.24
2015-02-01,58.28,33.16,1.22
2015-03-01,59.49,32.82,1.32
2015-04-01,59.11,33.62,0.71
2015-05-01,60.21,33.76,0.74
2015-06-01,60.75,34.42,0.79
2015-07-01,62.17,34.47,0.62
2015-08-01,62.97,34.22,0.22
2015-09-01,63.65,34.09,0.54
2015-10-01,63.94,35.12,0.82
2015-11-01,64.29,36.13,1.01
2015-12-01,65.5,37.9,0.96
2016-01-01,66.5,38.09,1.27
2016-02-01,66.66,39.16,0.9
2016-03-01,66.33,40.12,0.43
2016-04-01,66.62,40.55,0.61
2016-05-01,67.58,40.97,0.78
2016-06-01,67.51,42.94,0.35
2016-07-01,68.7,43.57,0.52
2016-08-01,69.34,44.5,0.44
2016-09-01,69.98,45.35,0.08
2016-10-01,69.78,45.51,0.26
2016-11-01,70.84,45.4,0.18
2016-12-01,69.84,47.77,0.3
2017-01-01,69.82,48.36,0.38
2017-02-01,70.39,49.18,0.33
2017-03-01,71.24,49.39,0.25
2017-04-01,71.37,49.38,0.14
2017-05-01,72.34,49.94,0.31
2017-06-01,72.74,50.27,-0.23
2017-07-01,73.18,51.51,0.24
2017-08-01,73.61,51.98,0.19
2017-09-01,73.71,52.5,0.16
2017-10-01,74.11,52.32,0.42
2017-11-01,74.02,52.69,0.28
2017-12-01,73.72,53.23,0.44
2018-01-01,74.04,53.33,0.29
2018-02-01,74.5,53.51,0.32
2018-03-01,74.6,53.57,0.09
2018-04-01,74.96,52.98,0.22
2018-05-01,76.12,52.5,0.4
2018-06-01,76.13,52.67,1.26
2018-07-01,75.95,53.32,0.33
2018-08-01,76.02,52.32,-0.09
2018-09-01,75.99,53.2,0.48
2018-10-01,75.29,54.3,0.45
2018-11-01,75.69,54.12,-0.21
2018-12-01,75.27,54.72,0.15
2019-01-01,75.44,55.03,0.32
2019-02-01,75.52,55.18,0.43
2019-03-01,76.71,54.83,0.75
2019-04-01,77.12,54.87,0.57
2019-05-01,76.55,55.05,0.13
2019-06-01,76.67,55.69,0.01
2019-07-01,76.83,55.72,0.19
2019-08-01,77.55,56.53,0.11
2019-09-01,76.6,56.54,-0.04
2019-10-01,75.79,56.43,0.1
2019-11-01,76.2,56.99,0.51
2019-12-01,74.44,57.27,1.15
2020-01-01,74.75,56.86,0.21
2020-02-01,75.15,57.32,0.25
2020-03-01,76.78,58.12,0.07
2020-04-01,78.03,60.2,-0.31
2020-05-01,79.95,62.54,-0.38
2020-06-01,82.87,65.37,0.26
2020-07-01,83.5,66.52,0.36
2020-08-01,85.83,63.55,0.24
2020-09-01,87.42,64.73,0.64
2020-10-01,87.66,65.08,0.86
2020-11-01,86.96,64.92,0.89
2020-12-01,86.94,65.35,1.35
2021-01-01,86.91,64.66,0.25
2021-02-01,86.87,64.46,0.86
2021-03-01,85.1,63.88,0.93
2021-04-01,82.62,62.21,0.31
2021-05-01,81.45,61.47,0.83
2021-06-01,80.6,61.48,0.53
2021-07-01,80.25,61.28,0.96
2021-08-01,79.64,60.61,0.87
2021-09-01,79.62,60.38,1.16
2021-10-01,79.52,60.01,1.25
2021-11-01,78.22,59.59,0.95
2021-12-01,77.31,59.47,0.73
2022-01-01,77.0,58.42,0.54
2022-02-01,76.92,57.63,1.01
2022-03-01,76.4,57.46,1.62
2022-04-01,76.33,57.17,1.06
2022-05-01,75.68,57.21,0.47
2022-06-01,75.61,57.26,0.67
2022-07-01,75.24,56.78,-0.68
2022-08-01,74.57,56.83,-0.36
2022-09-01,74.15,56.68,-0.29
2022-10-01,73.7,56.12,0.59
2022-11-01,72.95,56.32,0.41
2022-12-01,71.68,56.47,0.62
2023-01-01,71.38,55.44,0.53
2023-02-01,71.77,55.83,0.84
2023-03-01,71.54,56.03,0.71
2023-04-01,71.57,55.84,0.61
2023-05-01,72.11,56.47,0.23
2023-06-01,71.97,56.8,-0.08
2023-07-01,72.48,57.22,0.12
2023-08-01,72.89,57.8,0.23
2023-09-01,73.01,57.94,0.26
2023-10-01,73.32,57.94,0.24
2023-11-01,73.32,58.25,0.28
2023-12-01,73.83,59.59,0.56
2024-01-01,74.47,59.22,0.42
2024-02-01,74.81,59.9,0.83
2024-03-01,75.02,60.22,0.16
2024-04-01,75.15,60.36,0.38
2024-05-01,75.67,61.26,0.46
2024-06-01,76.68,62.01,0.21
2024-07-01,77.21,62.15,0.38
2024-08-01,77.36,62.48,-0.02
2024-09-01,77.09,62.47,0.44
2024-10-01,77.38,62.49,0.56
2024-11-01,77.5,62.93,0.39
2024-12-01,76.27,63.21,0.52
2025-01-01,75.48,63.34,0.16
2025-02-01,75.78,63.69,1.31
2025-03-01,75.55,63.46,0.56
2025-04-01,75.62,63.38,0.43
2025-05-01,75.75,63.88,0.26
2025-06-01,76.3,64.28,0.24
2025-07-01,77.18,65.22,0.26
2025-08-01,77.31,65.61,-0.11
2025-09-01,77.84,65.93,0.48
2025-10-01,78.29,66.09,0.09
2025-11-01,78.95,66.44,0.18
2025-12-01,78.64,66.83,0.33
2026-01-01,78.7,66.16,0.33
2026-02-01,79.13,66.55,0.7
2026-03-01,79.88,67.46,0.88
2026-04-01,80.1,67.48,0.67
2026-05-01,81.04,68.34,0.58
2026-06-01,81.95,68.95,0.16
2026-07-01,82.56,69.27,0.07
2026-08-01,82.86,69.6,-0.32
