ano,beneficiarios_pcd,beneficiarios_idosos,beneficiarios_total,repasse_pcd_brl,repasse_idosos_brl,repasse_total_brl
2004,1127849,933164,2061013,3300027493.57,2514255524.40,5814283017.97
2005,1211761,1065604,2277365,4054094729.27,3469766714.63,7523861443.90
2006,1293645,1183840,2477485,5112542073.04,4606245558.28,9718787631.32
2007,1385107,1295716,2680823,5987030235.51,5561314689.35,11548344924.86
2008,1510682,1423790,2934472,7110730319.66,6675058371.50,13785788691.16
2009,1625625,1541220,3166845,8638336138.02,8221076467.72,16859412605.74
2010,1778345,1623196,3401541,10421254103.60,9682778923.69,20104033027.29
2011,1907511,1687826,3595337,12038334158.80,10816504665.30,22854838824.10
2012,2021721,1750121,3771842,14630078835.03,12804963547.44,27435042382.47
2013,2141846,1822346,3964192,16890989942.86,14521347002.49,31412336945.35
2014,2253822,1876610,4130432,19070187136.63,16071242273.89,35141429410.52
2015,2323808,1918918,4242726,21680230972.52,17965561874.54,39645792847.52
2016,2436608,1974942,4411550,25086304481.75,20551292432.88,45637596914.63
2017,2527257,2022221,4549478,27855992868.83,22436422939.39,50292415808.22
2018,2603082,2048842,4651924,29292630579.02,23290669747.70,52583300326.72
2019,2579475,2046710,4626185,31124933826.74,24400536571.07,55525470397.81
2020,2550665,2107344,4658009,32252167796.39,26172665867.64,58424833664.03
2021,2568657,2159970,4728627,33845944335.77,28066965608.93,61912909944.70
2022,2770710,2345108,5115818,38507685429.10,32428101823.04,70935787252.14
2023,3127083,2583750,5710833,46228722632.82,38883490874.45,85112213507.27
2024,3569056,2723393,6292449,57016537385.09,45252829685.34,102269367070.43
