ano,governo_geral_milhoes,governo_central_milhoes,governos_estaduais_milhoes,governos_municipais_milhoes,governo_geral_percentual_pib,governo_central_percentual_pib,governos_estaduais_percentual_pib,governos_municipais_percentual_pib
2010,1178104.322960,794443.264255,318471.551950,65189.506755,30.317826,20.444533,8.195679,1.677614
2011,1356615.163744,926513.183007,354345.917904,75756.062833,30.998555,21.170757,8.096778,1.731020
2012,1473116.491742,995952.356326,391359.453660,85804.681756,30.595845,20.685400,8.128327,1.782118
2013,1615225.705249,1085434.329592,434679.742926,95111.632731,30.295220,20.358438,8.152866,1.783917
2014,1706523.096595,1135554.277207,464653.885037,106314.934352,29.529970,19.649827,8.040451,1.839692
2015,1779962.405031,1179577.362701,485559.318302,114825.724029,29.686885,19.673437,8.098342,1.915107
2016,1867874.293782,1239146.307170,509637.062340,119090.924273,29.793852,19.765217,8.129054,1.899580
2017,1971028.937862,1298986.928172,544189.213957,127852.795734,29.929925,19.725018,8.263472,1.941435
2018,2129524.935225,1400695.640291,586135.813585,142693.481349,30.403799,19.998107,8.368418,2.037273
2019,2245847.418511,1461882.334294,624918.617811,159046.466407,30.393932,19.784225,8.457268,2.152438
2020,2218525.556223,1417978.667887,638132.648991,162414.239345,29.154311,18.634084,8.385893,2.134334
2021,2783143.548877,1792887.436338,794328.053691,195928.058847,30.882154,19.894132,8.813976,2.174045
2022,3148748.900444,2073766.455968,855057.017798,219925.426678,31.238590,20.573740,8.482981,2.181870
2023,3311301.257189,2180912.188392,881348.740166,249040.328630,30.258587,19.929120,8.053742,2.275724
2024,3794740.436584,2513702.519178,998835.282240,282202.635166,32.215465,21.340088,8.479616,2.395760
2025,4127231.592463,2750941.104215,1067625.784958,308664.703289,32.399499,21.595375,8.381052,2.423073
