ano,codigo_funcao,funcao,despesa_paga_r$,despesa_liquidada_r$,gnd4_investimento_pago_r$,gnd4_investimento_liquidado_r$
2001,06,Segurança Pública,2197526975.0,2604286208.0,433421686.0,683680973.0
2001,10,Saúde,20686186734.0,23633858199.0,382726139.0,2389756621.0
2001,12,Educação,10457803100.0,11637340857.0,508320537.0,1076748200.0
2002,06,Segurança Pública,1786401152.0,2202448059.0,330075466.0,523155543.0
2002,10,Saúde,23148915645.0,25434639564.0,489322533.0,1536396208.0
2002,12,Educação,12344522461.0,13222748096.0,305935843.0,640712592.0
2003,06,Segurança Pública,2091900947.0,2405123126.0,139906783.0,352824287.0
2003,10,Saúde,25162828963.0,27171848048.0,181521760.0,949153413.0
2003,12,Educação,12819444790.0,14224269574.0,245636181.0,443019075.0
2004,06,Segurança Pública,2457027978.0,2767855746.0,252701275.0,476156327.0
2004,10,Saúde,30100172509.0,32972885891.0,574587367.0,1858103997.0
2004,12,Educação,13270236141.0,14532927063.0,264227336.0,476869098.0
2005,06,Segurança Pública,2608341048.0,3018051167.0,231471076.0,504196318.0
2005,10,Saúde,33191032658.0,36483267398.0,265718664.0,2085319333.0
2005,12,Educação,14021828523.0,16187695350.0,292232185.0,965156418.0
2006,06,Segurança Pública,3305145276.0,3911897957.0,130798695.0,609380851.0
2006,10,Saúde,36219811910.0,40577223419.0,431530232.0,2159420388.0
2006,12,Educação,17078449347.0,19666989724.0,288036016.0,1038899564.0
2007,06,Segurança Pública,4565920181.0,5293155627.0,544313306.0,1080857608.0
2007,10,Saúde,40091793136.0,45723015192.0,208289099.0,2872621282.0
2007,12,Educação,19994640505.0,24353076778.0,640838680.0,2757241201.0
2008,06,Segurança Pública,5496227891.0,6581395231.0,689463687.0,1434482344.0
2008,10,Saúde,44454924556.0,50138481515.0,278106507.0,2605601346.0
2008,12,Educação,23755503060.0,28250710777.0,739783612.0,2988161023.0
2009,06,Segurança Pública,6501298268.0,7991291125.0,920760342.0,1882647214.0
2009,10,Saúde,49561033568.0,58148973463.0,353684527.0,3413864381.0
2009,12,Educação,30749363229.0,36679526521.0,1231100267.0,4556361738.0
2010,06,Segurança Pública,7948899757.0,9728282481.0,1596431977.0,2898672461.0
2010,10,Saúde,55471684625.0,61873700098.0,667007566.0,3116563867.0
2010,12,Educação,40798812142.0,48501831189.0,2642570738.0,6037889149.0
2011,06,Segurança Pública,6460868923.0,7689710749.0,389554593.0,1197077916.0
2011,10,Saúde,63822437383.0,72241422575.0,730674040.0,4145418108.0
2011,12,Educação,47054642169.0,58453900963.0,2656516692.0,7721237946.0
2012,06,Segurança Pública,6706657632.0,8647311337.0,525967124.0,1946369374.0
2012,10,Saúde,71380033428.0,79917058749.0,1310363864.0,4948571382.0
2012,12,Educação,57225881791.0,72575509224.0,5614315195.0,12779329202.0
2013,06,Segurança Pública,7159257604.0,9108778276.0,490360503.0,1665486204.0
2013,10,Saúde,76563088560.0,85304343215.0,1246894919.0,4934286631.0
2013,12,Educação,65890214722.0,82251838385.0,2211023664.0,10660626778.0
2014,06,Segurança Pública,7233237067.0,8945185299.0,161213461.0,1078225230.0
2014,10,Saúde,86327540676.0,94065346001.0,1481059028.0,5383142413.0
2014,12,Educação,80903901145.0,93897290663.0,2608328316.0,9934756826.0
2015,06,Segurança Pública,7753719484.0,7869850041.0,127751901.0,158447004.0
2015,10,Saúde,93864923547.0,94626412057.0,1125731606.0,1143386302.0
2015,12,Educação,88600739992.0,90325042930.0,1363970692.0,1623960883.0
2016,06,Segurança Pública,8423101068.0,8446530071.0,277867424.0,280818478.0
2016,10,Saúde,100190605308.0,100469508811.0,2023832202.0,2037771141.0
2016,12,Educação,95184512947.0,95512812954.0,1685099240.0,1755169560.0
2017,06,Segurança Pública,9133214442.0,9170114737.0,177904987.0,177938714.0
2017,10,Saúde,102713827691.0,103247633605.0,922360566.0,954336100.0
2017,12,Educação,101815707372.0,102137015664.0,1161387016.0,1214051034.0
2018,06,Segurança Pública,8820097778.0,9292895056.0,254055874.0,263328325.0
2018,10,Saúde,108179156538.0,109548320250.0,1975694304.0,2031041090.0
2018,12,Educação,95589490221.0,99448576283.0,1621864747.0,1679800004.0
2019,06,Segurança Pública,9021846771.0,9537398090.0,272536039.0,275062170.0
2019,10,Saúde,114182505319.0,115765610412.0,1179557217.0,1203698679.0
2019,12,Educação,94474263880.0,98450528247.0,836128008.0,866196920.0
2020,06,Segurança Pública,10717162762.0,11225169091.0,1103439097.0,1103505962.0
2020,10,Saúde,150462970240.0,152857679807.0,3266771573.0,3360184534.0
2020,12,Educação,88075831717.0,92057853484.0,1066927107.0,1102041587.0
2021,06,Segurança Pública,10440917761.0,11015129353.0,758225420.0,763620490.0
2021,10,Saúde,161436188575.0,163234491279.0,1413920519.0,1445996407.0
2021,12,Educação,96055905717.0,100283398333.0,1084297788.0,1109991612.0
2022,06,Segurança Pública,11728625408.0,12408171000.0,869127392.0,935567399.0
2022,10,Saúde,136849614740.0,137880685641.0,1189105461.0,1210871336.0
2022,12,Educação,109777765094.0,114580436134.0,2906804880.0,2965970005.0
2023,06,Segurança Pública,13209417059.0,13872628597.0,1127283978.0,1130917395.0
2023,10,Saúde,161223980564.0,162410473219.0,1852836424.0,1909727217.0
2023,12,Educação,129461795955.0,136080946381.0,2828297919.0,2899493511.0
2024,06,Segurança Pública,16680605243.0,17552070295.0,1125568423.0,1152266105.0
2024,10,Saúde,193468465768.0,196146011741.0,2187737982.0,2255178553.0
2024,12,Educação,136994296730.0,144041975979.0,2848541705.0,2884963316.0
2025,06,Segurança Pública,14440271057.0,15440203204.0,1361458611.0,1372813043.0
2025,10,Saúde,215950956173.0,218559128355.0,4497550438.0,4531841251.0
2025,12,Educação,160782549713.0,170072284379.0,2720926731.0,2787584408.0
