trimestre,periodo_sidra,ano,trimestre_numero,semestre,agropecuaria_nominal_milhoes,agropecuaria_volume_indice,agropecuaria_yoy_percentual,agropecuaria_four_quarters_percentual,agropecuaria_ytd_percentual,agropecuaria_qoq_sa_percentual,industria_nominal_milhoes,industria_volume_indice,industria_yoy_percentual,industria_four_quarters_percentual,industria_ytd_percentual,industria_qoq_sa_percentual,servicos_nominal_milhoes,servicos_volume_indice,servicos_yoy_percentual,servicos_four_quarters_percentual,servicos_ytd_percentual,servicos_qoq_sa_percentual,pib_nominal_milhoes,pib_volume_indice,pib_yoy_percentual,pib_four_quarters_percentual,pib_ytd_percentual,pib_qoq_sa_percentual,consumo_familias_nominal_milhoes,consumo_familias_volume_indice,consumo_familias_yoy_percentual,consumo_familias_four_quarters_percentual,consumo_familias_ytd_percentual,consumo_familias_qoq_sa_percentual,consumo_governo_nominal_milhoes,consumo_governo_volume_indice,consumo_governo_yoy_percentual,consumo_governo_four_quarters_percentual,consumo_governo_ytd_percentual,consumo_governo_qoq_sa_percentual,formacao_capital_nominal_milhoes,formacao_capital_volume_indice,formacao_capital_yoy_percentual,formacao_capital_four_quarters_percentual,formacao_capital_ytd_percentual,formacao_capital_qoq_sa_percentual,variacao_estoques_nominal_milhoes,variacao_estoques_volume_indice,variacao_estoques_yoy_percentual,variacao_estoques_four_quarters_percentual,variacao_estoques_ytd_percentual,variacao_estoques_qoq_sa_percentual,exportacoes_nominal_milhoes,exportacoes_volume_indice,exportacoes_yoy_percentual,exportacoes_four_quarters_percentual,exportacoes_ytd_percentual,exportacoes_qoq_sa_percentual,importacoes_nominal_milhoes,importacoes_volume_indice,importacoes_yoy_percentual,importacoes_four_quarters_percentual,importacoes_ytd_percentual,importacoes_qoq_sa_percentual
1996-T1,199601,1996,1,1,10054.0,105.32,2.6,-1.9,2.6,,41474.0,93.19,-6.0,-0.6,-6.0,,112836.0,98.31,2.7,5.2,2.7,,189323.0,96.84,-0.6,2.5,-0.6,,125685.0,96.06,-1.2,2.5,-1.2,,35666.0,96.12,-3.3,-0.2,-3.3,,35403.0,92.91,-12.7,-9.2,-12.7,,-4964.0,,,,,,12306.0,95.16,4.7,11.2,4.7,,14773.0,82.07,-16.2,-1.9,-16.2,
1996-T2,199602,1996,2,1,10703.0,105.5,2.2,-1.7,2.4,1.4,45839.0,97.9,-3.0,-2.3,-4.5,-3.7,121690.0,100.58,3.7,5.4,3.2,0.3,204611.0,100.12,1.3,2.1,0.4,1.2,132511.0,99.75,1.8,2.6,0.3,2.1,39023.0,100.07,-0.2,-0.7,-1.7,1.6,39326.0,101.18,-4.1,-9.8,-8.4,1.9,-3355.0,,,,,,14576.0,104.64,4.5,7.0,4.6,-2.9,17470.0,98.2,-6.6,-7.1,-11.2,9.1
1996-T3,199603,1996,3,2,11096.0,108.1,-0.6,-3.7,1.3,5.4,49011.0,111.62,11.3,0.5,0.8,9.0,134057.0,105.75,3.2,4.0,3.2,1.3,221513.0,107.56,5.6,2.3,2.2,3.7,142658.0,104.74,5.4,3.3,2.0,2.8,41810.0,105.0,2.8,-0.8,-0.2,3.5,41418.0,105.26,10.1,-4.4,-2.6,3.7,994.0,,,,,,15560.0,106.67,-3.6,0.6,1.6,-0.5,20928.0,114.44,15.0,-2.8,-2.6,7.4
1996-T4,199604,1996,4,2,8906.0,92.89,8.9,3.0,3.0,23.6,54631.0,101.19,1.5,1.0,1.0,-6.1,147001.0,104.55,-0.3,2.3,2.3,-2.1,239316.0,104.31,2.3,2.2,2.2,-1.0,156087.0,112.39,6.7,3.2,3.2,5.3,52324.0,91.51,-6.8,-1.8,-1.8,-15.0,43187.0,105.43,13.9,1.2,1.2,4.3,-4417.0,,,,,,15085.0,91.85,-6.6,-0.4,-0.4,3.1,22949.0,127.67,31.0,5.6,5.6,10.9
1997-T1,199701,1997,1,1,12338.0,112.67,7.0,4.1,7.0,-19.0,49072.0,96.25,3.3,3.3,3.3,5.1,130715.0,100.2,1.9,2.1,1.9,2.5,219117.0,100.13,3.4,3.2,3.4,1.1,147808.0,103.65,7.9,5.5,7.9,-2.3,42139.0,97.3,1.2,-0.7,1.2,13.3,42697.0,103.37,11.3,7.4,11.3,0.9,-7355.0,,,,,,13162.0,94.7,-0.5,-1.6,-0.5,6.4,19333.0,104.68,27.5,15.8,27.5,-0.3
1997-T2,199702,1997,2,1,11625.0,110.16,4.4,4.7,5.7,-1.5,55636.0,105.77,8.0,6.1,5.7,-0.1,137028.0,102.85,2.2,1.8,2.1,0.5,232890.0,104.88,4.8,4.0,4.1,0.5,154447.0,105.73,6.0,6.5,6.9,0.3,45485.0,99.28,-0.8,-0.9,0.2,-0.4,46189.0,112.01,10.7,11.5,11.0,1.4,-8063.0,,,,,,17402.0,119.64,14.3,1.0,7.3,6.4,22570.0,121.6,23.8,24.2,25.5,4.2
1997-T3,199703,1997,3,2,10871.0,109.69,1.5,5.2,4.3,3.2,57089.0,111.85,0.2,3.1,3.7,1.9,148662.0,107.1,1.3,1.3,1.8,0.5,246178.0,109.49,1.8,3.0,3.3,1.3,157598.0,106.9,2.1,5.6,5.2,-1.0,45830.0,99.0,-5.7,-3.1,-1.9,-1.6,47287.0,114.22,8.5,11.0,10.1,2.0,2106.0,,,,,,18529.0,125.34,17.5,6.6,10.8,2.0,25171.0,132.62,15.9,24.1,21.8,0.6
1997-T4,199704,1997,4,2,9771.0,82.64,-11.0,0.8,0.8,8.6,53320.0,107.7,6.4,4.4,4.4,-0.4,160615.0,109.43,4.7,2.5,2.5,1.2,253904.0,108.21,3.7,3.4,3.4,0.8,161954.0,109.2,-2.8,3.0,3.0,0.1,52540.0,102.02,11.5,1.2,1.2,0.7,45894.0,109.26,3.6,8.4,8.4,-0.7,374.0,,,,,,17398.0,102.54,11.6,11.0,11.0,-4.6,24255.0,125.13,-2.0,14.6,14.6,-6.0
1998-T1,199801,1998,1,1,11869.0,111.07,-1.4,-1.3,-1.4,-11.0,52455.0,96.31,0.1,3.6,0.1,-2.2,142118.0,101.6,1.4,2.4,1.4,-1.0,235701.0,101.14,1.0,2.8,1.0,-2.0,157103.0,103.13,-0.5,1.1,-0.5,0.0,46994.0,98.49,1.2,1.2,1.2,2.4,45595.0,106.98,3.5,6.6,3.5,0.5,-8376.0,,,,,,16099.0,104.57,10.4,13.6,10.4,6.0,21714.0,112.9,7.9,10.6,7.9,9.0
1998-T2,199802,1998,2,1,14202.0,124.57,13.1,1.0,5.8,12.5,58383.0,105.47,-0.3,1.6,-0.1,1.3,148554.0,104.76,1.9,2.3,1.6,1.1,251936.0,106.46,1.5,2.0,1.3,1.7,159194.0,104.59,-1.1,-0.6,-0.8,-0.3,49307.0,101.52,2.3,2.0,1.7,0.7,48379.0,114.41,2.1,4.4,2.8,0.4,-853.0,,,,,,18805.0,125.39,4.8,10.9,7.3,2.7,22896.0,118.86,-2.2,4.5,2.4,-5.4
1998-T3,199803,1998,3,2,13143.0,115.41,5.2,1.9,5.6,-2.6,58112.0,108.83,-2.7,0.8,-1.0,-1.3,156762.0,109.02,1.8,2.4,1.7,0.6,258043.0,109.88,0.4,1.6,0.9,0.0,163447.0,106.93,0.0,-1.1,-0.5,0.3,49839.0,104.32,5.4,5.0,3.0,1.7,47636.0,112.84,-1.2,1.9,1.4,-1.3,3701.0,,,,,,18786.0,125.17,-0.1,6.1,4.5,-4.3,25366.0,129.85,-2.1,0.0,0.8,1.0
1998-T4,199804,1998,4,2,8399.0,78.27,-5.3,3.4,3.4,-2.1,52759.0,102.15,-5.2,-2.1,-2.1,-3.1,165189.0,110.15,0.7,1.4,1.4,0.1,256671.0,106.66,-1.4,0.3,0.3,-1.1,163187.0,107.76,-1.3,-0.7,-0.7,-1.3,55037.0,106.07,4.0,3.2,3.2,-0.7,44249.0,103.91,-4.9,-0.2,-0.2,-4.5,1743.0,,,,,,16781.0,108.79,6.1,4.9,4.9,0.4,24326.0,122.14,-2.4,-0.1,-0.1,-5.7
1999-T1,199901,1999,1,1,14190.0,125.05,12.6,7.2,12.6,4.2,51004.0,92.23,-4.2,-3.1,-4.2,-0.5,151486.0,104.41,2.8,1.8,2.8,0.8,250668.0,101.92,0.8,0.3,0.8,0.2,164893.0,102.16,-0.9,-0.8,-0.9,0.3,48863.0,99.19,0.7,3.1,0.7,-1.1,44121.0,98.0,-8.4,-3.0,-8.4,-3.6,-3515.0,,,,,,22153.0,104.47,-0.1,2.6,-0.1,1.9,25847.0,92.73,-17.9,-5.8,-17.9,-9.8
1999-T2,199902,1999,2,1,13487.0,126.56,1.6,4.0,6.8,1.7,62478.0,100.81,-4.4,-4.1,-4.3,-0.1,157083.0,106.51,1.7,1.7,2.2,0.2,268709.0,106.04,-0.4,-0.2,0.2,0.5,170252.0,103.95,-0.6,-0.7,-0.8,0.1,51749.0,102.52,1.0,2.8,0.9,1.1,47152.0,102.51,-10.4,-6.2,-9.4,-1.2,3829.0,,,,,,24728.0,124.12,-1.0,1.0,-0.6,2.3,29001.0,101.07,-15.0,-8.9,-16.4,-1.2
1999-T3,199903,1999,3,2,11736.0,119.43,3.5,3.6,5.7,0.5,61145.0,105.0,-3.5,-4.3,-4.0,0.3,164335.0,109.99,0.9,1.5,1.8,0.1,274126.0,109.2,-0.6,-0.4,-0.1,0.0,178811.0,106.8,-0.1,-0.7,-0.5,1.0,53944.0,105.45,1.1,1.7,0.9,2.1,46383.0,100.03,-11.3,-8.8,-10.1,-2.3,312.0,,,,,,27646.0,129.29,3.3,2.0,0.8,-1.4,32971.0,105.48,-18.8,-13.4,-17.2,-3.4
1999-T4,199904,1999,4,2,11121.0,86.29,10.3,6.5,6.5,3.8,61915.0,103.95,1.8,-2.6,-2.6,1.9,181938.0,112.37,2.0,1.8,1.8,1.0,294208.0,108.97,2.2,0.5,0.5,1.4,189576.0,111.09,3.1,0.4,0.4,1.8,60623.0,110.16,3.9,1.7,1.7,1.9,47432.0,98.71,-5.0,-8.9,-8.9,2.0,3434.0,,,,,,29511.0,132.51,21.8,5.7,5.7,15.8,36368.0,111.45,-8.7,-15.1,-15.1,7.0
2000-T1,200001,2000,1,1,16347.0,132.75,6.2,4.9,6.2,-0.6,62386.0,96.45,4.6,-0.6,4.6,1.3,160044.0,107.68,3.1,1.9,3.1,1.6,276927.0,106.4,4.4,1.3,4.4,1.1,176025.0,105.24,3.0,1.3,3.0,0.0,49216.0,102.71,3.6,2.4,3.6,-1.7,56887.0,97.7,-0.3,-7.0,-0.3,0.7,-497.0,,,,,,26402.0,126.08,20.7,10.4,20.7,-2.1,31107.0,96.52,4.1,-10.6,4.1,-0.9
2000-T2,200002,2000,2,1,15218.0,130.92,3.4,5.4,4.8,-0.4,70463.0,104.78,3.9,1.5,4.2,1.1,166882.0,110.04,3.3,2.3,3.2,0.5,292789.0,110.25,4.0,2.4,4.2,1.4,189996.0,108.36,4.2,2.5,3.6,1.3,52695.0,103.87,1.3,2.5,2.4,-0.9,53911.0,106.51,3.9,-3.4,1.8,4.1,931.0,,,,,,30239.0,138.0,11.2,13.7,15.5,0.9,34983.0,108.46,7.3,-5.4,5.8,4.5
2000-T3,200003,2000,3,2,15178.0,121.22,1.5,4.9,3.7,-0.9,71089.0,109.67,4.4,3.7,4.3,0.4,178914.0,114.74,4.3,3.2,3.6,1.3,308896.0,114.19,4.6,3.8,4.3,1.2,200012.0,111.88,4.7,3.8,4.0,1.7,54588.0,103.0,-2.3,1.6,0.8,-1.4,53879.0,106.83,6.8,1.3,3.5,0.0,6805.0,,,,,,33768.0,153.32,18.6,17.8,16.6,8.7,40155.0,124.19,17.7,4.6,10.0,8.6
2000-T4,200004,2000,4,2,10220.0,84.88,-1.6,2.7,2.7,0.6,71932.0,108.83,4.7,4.4,4.4,1.6,192653.0,117.48,4.5,3.8,3.8,1.1,320481.0,113.98,4.6,4.4,4.4,1.2,208493.0,115.63,4.1,4.0,4.0,0.9,68544.0,107.11,-2.8,-0.2,-0.2,1.1,54811.0,107.43,8.8,4.8,4.8,3.6,-61.0,,,,,,31756.0,136.06,2.7,12.9,12.9,-2.8,43062.0,125.92,13.0,10.8,10.8,3.4
2001-T1,200101,2001,1,1,17485.0,136.59,2.9,1.8,2.9,3.1,74965.0,100.42,4.1,4.3,4.1,0.6,173002.0,110.29,2.4,3.7,2.4,-0.5,312470.0,110.1,3.5,4.2,3.5,0.3,203369.0,109.48,4.0,4.3,4.0,-0.2,55190.0,103.83,1.1,-0.7,1.1,2.1,61689.0,107.7,10.2,7.4,10.2,1.7,1547.0,,,,,,33576.0,140.18,11.2,10.9,11.2,5.7,42902.0,119.95,24.3,15.4,24.3,4.3
2001-T2,200102,2001,2,1,17314.0,134.9,3.0,1.7,3.0,0.2,73981.0,105.23,0.4,3.4,2.2,-1.8,182907.0,113.54,3.2,3.6,2.8,1.2,323724.0,112.82,2.3,3.7,2.9,-0.5,210284.0,111.71,3.1,4.0,3.6,0.6,58687.0,106.2,2.2,-0.5,1.7,0.3,62067.0,108.68,2.0,6.9,6.0,-2.6,426.0,,,,,,40837.0,157.08,13.8,11.6,12.6,3.1,48577.0,122.37,12.8,16.7,18.2,-3.8
2001-T3,200103,2001,3,2,14694.0,128.45,6.0,2.9,3.9,2.3,75782.0,106.79,-2.6,1.5,0.5,-3.1,192740.0,116.73,1.7,3.0,2.4,0.0,332524.0,114.71,0.5,2.7,2.1,-0.5,211486.0,109.83,-1.8,2.3,1.7,-3.0,59988.0,106.6,3.5,1.0,2.3,0.0,60427.0,108.1,1.2,5.4,4.3,-1.4,6445.0,,,,,,45701.0,157.94,3.0,7.5,9.1,-3.0,51523.0,117.73,-5.2,10.3,9.4,-8.3
2001-T4,200104,2001,4,2,13676.0,94.27,11.1,5.2,5.2,5.2,73153.0,104.59,-3.9,-0.6,-0.6,0.0,210722.0,118.66,1.0,2.1,2.1,0.4,347038.0,113.38,-0.5,1.4,1.4,-0.3,218362.0,113.49,-1.9,0.8,0.8,0.8,80645.0,110.97,3.6,2.6,2.6,1.2,58153.0,99.44,-7.4,1.3,1.3,-5.6,-4158.0,,,,,,42667.0,149.34,9.8,9.2,9.2,-1.3,48633.0,110.19,-12.5,3.3,3.3,-5.9
2002-T1,200201,2002,1,1,22074.0,143.03,4.7,5.7,4.7,-2.9,73585.0,98.08,-2.3,-2.1,-2.3,3.8,195721.0,113.53,2.9,2.2,2.9,1.3,342297.0,110.63,0.5,0.7,0.5,2.5,215913.0,109.74,0.2,-0.1,0.2,1.9,65697.0,108.26,4.3,3.4,4.3,2.6,62806.0,99.17,-7.9,-3.1,-7.9,1.2,1804.0,,,,,,34812.0,133.77,-4.6,5.4,-4.6,1.5,38735.0,97.66,-18.6,-6.4,-18.6,-1.2
2002-T2,200202,2002,2,1,21534.0,144.8,7.3,6.9,6.0,2.4,84313.0,107.66,2.3,-1.7,0.0,1.3,208326.0,116.37,2.5,2.0,2.7,0.7,367363.0,115.41,2.3,0.7,1.4,0.2,225796.0,112.49,0.7,-0.7,0.5,1.1,71519.0,110.58,4.1,3.9,4.2,0.1,65569.0,104.04,-4.3,-4.6,-6.1,2.3,7826.0,,,,,,38896.0,139.69,-11.1,-1.0,-8.0,-8.0,42244.0,102.14,-16.5,-13.1,-17.5,-2.4
2002-T3,200203,2002,3,2,21463.0,143.46,11.7,8.4,7.8,7.0,85894.0,112.93,5.7,0.5,2.0,0.7,217429.0,120.69,3.4,2.4,2.9,1.1,379795.0,119.5,4.2,1.6,2.3,1.4,233655.0,112.81,2.7,0.4,1.2,-1.0,68751.0,111.06,4.2,4.0,4.2,0.2,67912.0,107.62,-0.5,-5.0,-4.2,1.6,-235.0,,,,,,65894.0,189.75,20.1,3.6,1.8,27.7,56182.0,107.59,-8.6,-14.1,-14.6,-0.8
2002-T4,200204,2002,4,2,16444.0,102.56,8.8,8.0,8.0,2.8,91116.0,114.21,9.2,3.8,3.8,3.0,232315.0,122.97,3.6,3.1,3.1,0.6,399333.0,119.24,5.2,3.1,3.1,1.0,246172.0,115.33,1.6,1.3,1.3,-0.4,88957.0,114.02,2.8,3.8,3.8,-0.1,70596.0,106.99,7.6,-1.4,-1.4,2.1,-16499.0,,,,,,72262.0,180.49,20.9,6.5,6.5,0.5,62154.0,100.28,-9.0,-13.3,-13.3,-4.2
2003-T1,200301,2003,1,1,30850.0,165.01,15.4,11.0,15.4,2.3,88506.0,98.15,0.1,4.4,0.1,-5.3,217385.0,115.61,1.8,2.8,1.8,-0.5,397242.0,113.58,2.7,3.6,2.7,-0.4,257432.0,109.72,0.0,1.3,0.0,0.2,70185.0,107.45,-0.8,2.6,-0.8,-0.9,70262.0,102.26,3.1,1.3,3.1,-2.9,-5652.0,,,,,,63031.0,153.39,14.7,10.9,14.7,-3.5,58016.0,93.13,-4.6,-10.0,-4.6,1.7
2003-T2,200302,2003,2,1,29205.0,164.26,13.4,12.7,14.4,0.0,96082.0,105.52,-2.0,3.3,-1.0,0.8,232389.0,117.4,0.9,2.4,1.4,-0.4,418987.0,116.31,0.8,3.2,1.7,-0.8,260277.0,110.19,-2.0,0.6,-1.0,-0.8,78572.0,110.86,0.3,1.6,-0.2,1.1,68696.0,96.93,-6.8,0.7,-2.0,-7.0,1755.0,,,,,,62162.0,177.97,27.4,20.8,21.2,3.5,52474.0,97.94,-4.1,-6.7,-4.4,-0.7
2003-T3,200303,2003,3,2,25418.0,145.57,1.5,9.9,10.1,-2.9,105419.0,115.09,1.9,2.3,0.0,3.5,247311.0,121.26,0.5,1.7,1.0,0.9,439350.0,120.25,0.6,2.3,1.3,0.9,267445.0,111.99,-0.7,-0.3,-0.9,0.3,82553.0,113.29,2.0,1.1,0.5,2.0,71785.0,100.21,-6.9,-0.9,-3.7,0.7,5204.0,,,,,,66754.0,192.73,1.6,15.0,13.1,0.9,54391.0,103.62,-3.7,-5.4,-4.1,-0.4
2003-T4,200304,2003,4,2,20477.0,103.35,0.8,8.3,8.3,1.7,106561.0,114.59,0.3,0.1,0.1,1.2,271114.0,123.99,0.8,1.0,1.0,1.0,462372.0,119.94,0.6,1.1,1.1,1.0,277306.0,116.01,0.6,-0.5,-0.5,0.9,96431.0,119.41,4.7,1.6,1.6,2.6,74519.0,101.76,-4.9,-4.0,-4.0,4.5,3021.0,,,,,,68852.0,190.52,5.6,11.0,11.0,4.1,57759.0,111.01,10.7,-0.5,-0.5,10.5
2004-T1,200401,2004,1,1,34343.0,165.03,0.0,4.0,0.0,1.2,102779.0,105.39,7.4,1.8,7.4,1.6,242776.0,119.45,3.3,1.4,3.3,1.7,444783.0,117.98,3.9,1.4,3.9,1.4,274159.0,110.71,0.9,-0.3,0.9,0.5,76588.0,111.37,3.6,2.7,3.6,-1.9,76797.0,103.19,0.9,-4.5,0.9,3.3,5596.0,,,,,,66313.0,181.37,18.2,12.0,18.2,4.5,54670.0,102.7,10.3,3.0,10.3,-1.5
2004-T2,200402,2004,2,1,34585.0,167.55,2.0,1.1,1.0,1.7,117825.0,114.92,8.9,4.4,8.2,2.5,257771.0,123.94,5.6,2.5,4.5,1.6,481795.0,123.65,6.3,2.8,5.1,2.8,284833.0,113.62,3.1,1.0,2.0,1.4,84760.0,118.02,6.5,4.2,5.1,3.7,83337.0,108.51,11.9,0.0,6.3,3.3,9433.0,,,,,,82950.0,201.17,13.0,9.1,15.4,3.2,63518.0,109.95,12.3,7.1,11.3,3.8
2004-T3,200403,2004,3,2,25124.0,152.2,4.6,1.9,2.1,0.0,127076.0,125.25,8.8,6.3,8.4,3.6,274301.0,127.59,5.2,3.7,4.7,1.0,505252.0,128.14,6.6,4.3,5.6,1.3,301881.0,117.46,4.9,2.4,3.0,2.0,90362.0,118.18,4.3,4.8,4.8,-0.1,90684.0,114.41,14.2,5.3,8.9,2.0,1330.0,,,,,,90341.0,219.15,13.7,12.4,14.8,1.8,69346.0,117.07,13.0,11.6,11.9,0.0
2004-T4,200404,2004,4,2,16860.0,104.95,1.5,2.0,2.0,-1.2,128183.0,123.38,7.7,8.2,8.2,-0.2,300358.0,131.24,5.8,5.0,5.0,1.7,525920.0,127.39,6.2,5.8,5.8,0.8,317821.0,123.69,6.6,3.9,3.9,2.5,109840.0,120.91,1.3,3.9,3.9,-0.4,88268.0,109.09,7.2,8.5,8.5,-1.7,-4763.0,,,,,,84321.0,216.35,13.6,14.5,14.5,3.3,69567.0,118.02,6.3,10.4,10.4,3.9
2005-T1,200501,2005,1,1,27589.0,170.28,3.2,2.9,3.2,2.5,119602.0,109.82,4.2,7.4,4.2,-1.1,275247.0,124.87,4.5,5.3,4.5,0.1,499710.0,122.92,4.2,5.8,4.2,0.9,308544.0,116.6,5.3,5.0,5.3,-0.6,89562.0,115.5,3.7,3.9,3.7,0.5,85394.0,104.6,1.4,8.6,1.4,-1.8,773.0,,,,,,77093.0,199.3,9.9,12.6,9.9,4.5,61656.0,111.86,8.9,10.0,8.9,2.5
2005-T2,200502,2005,2,1,27174.0,171.54,2.4,3.0,2.8,1.3,133729.0,120.94,5.2,6.5,4.7,2.2,294768.0,129.18,4.2,5.0,4.4,1.2,535557.0,129.18,4.5,5.4,4.3,1.1,321752.0,119.06,4.8,5.4,5.1,0.8,95935.0,118.72,0.6,2.4,2.1,0.6,92729.0,111.81,3.0,6.3,2.2,4.7,7349.0,,,,,,82694.0,223.56,11.1,12.1,10.5,1.1,64902.0,119.1,8.3,9.1,8.6,2.2
2005-T3,200503,2005,3,2,26472.0,149.15,-2.0,1.3,1.3,-4.7,135196.0,123.86,-1.1,3.9,2.6,-2.1,308829.0,132.1,3.5,4.5,4.1,0.7,552859.0,130.85,2.1,4.2,3.6,-0.6,332896.0,122.61,4.4,5.3,4.8,1.6,99485.0,120.21,1.7,1.8,2.0,1.0,96634.0,115.4,0.9,3.0,1.7,-0.6,1882.0,,,,,,88087.0,243.05,10.9,11.4,10.7,1.7,66125.0,126.11,7.7,7.8,8.3,-1.4
2005-T4,200504,2005,4,2,19723.0,105.37,0.4,1.1,1.1,0.9,136160.0,123.68,0.2,2.0,2.0,1.2,338331.0,134.46,2.5,3.7,3.7,0.7,582458.0,130.13,2.2,3.2,3.2,1.3,350104.0,127.8,3.3,4.4,4.4,1.4,125041.0,123.48,2.1,2.0,2.0,0.0,95462.0,111.9,2.6,2.0,2.0,0.2,-6777.0,,,,,,83006.0,231.03,6.8,9.6,9.6,1.6,64378.0,124.08,5.1,7.5,7.5,3.6
2006-T1,200601,2006,1,1,28065.0,171.13,0.5,0.4,0.5,3.4,128090.0,113.45,3.3,1.8,3.3,1.1,313132.0,130.62,4.6,3.7,4.6,1.6,554270.0,128.18,4.3,3.2,4.3,1.6,345002.0,122.35,4.9,4.3,4.9,1.0,100992.0,118.92,3.0,1.8,3.0,1.3,96723.0,113.8,8.8,3.7,8.8,4.9,-1707.0,,,,,,76051.0,216.22,8.5,9.3,8.5,2.0,62790.0,128.41,14.8,8.9,14.8,8.1
2006-T2,200602,2006,2,1,26201.0,170.97,-0.3,-0.4,0.1,1.2,139270.0,118.69,-1.9,0.1,0.6,-1.3,330663.0,134.21,3.9,3.6,4.2,0.7,581977.0,132.13,2.3,2.7,3.3,0.3,355817.0,125.96,5.8,4.6,5.4,1.6,105729.0,121.55,2.4,2.3,2.7,0.0,100733.0,115.85,3.6,3.9,6.1,-0.6,6668.0,,,,,,79742.0,219.7,-1.7,6.0,3.1,-7.2,66712.0,134.68,13.1,10.1,13.9,2.8
2006-T3,200603,2006,3,2,28662.0,165.72,11.1,2.9,3.4,4.3,149671.0,127.01,2.5,1.0,1.3,1.6,349557.0,137.86,4.4,3.8,4.3,1.3,617848.0,136.72,4.5,3.3,3.7,1.7,368734.0,129.1,5.3,4.8,5.3,1.1,111875.0,123.29,2.6,2.5,2.6,1.2,108368.0,122.05,5.8,5.1,6.0,0.9,6820.0,,,,,,98608.0,261.66,7.7,5.3,4.8,14.0,76558.0,151.72,20.3,13.4,16.2,6.1
2006-T4,200604,2006,4,2,22366.0,116.18,10.3,4.6,4.6,0.5,150251.0,128.74,4.1,2.0,2.0,2.8,383363.0,140.46,4.5,4.3,4.3,0.9,655355.0,136.37,4.8,4.0,4.0,1.2,386663.0,134.35,5.1,5.3,5.3,1.4,140138.0,131.16,6.2,3.6,3.6,3.7,108850.0,121.58,8.7,6.7,6.7,3.2,2824.0,,,,,,91941.0,242.74,5.1,4.8,4.8,-2.5,75060.0,151.81,22.3,17.8,17.8,3.5
2007-T1,200701,2007,1,1,34346.0,177.74,3.9,5.6,3.9,-1.6,141044.0,118.14,4.1,2.2,4.1,0.6,363472.0,138.04,5.7,4.6,5.7,2.6,631423.0,134.84,5.2,4.2,5.2,1.9,384999.0,130.12,6.4,5.6,6.4,2.2,114489.0,124.08,4.3,3.9,4.3,-0.7,109267.0,122.0,7.2,6.3,7.2,4.1,13577.0,,,,,,85074.0,228.19,5.5,4.2,5.5,2.7,75983.0,153.26,19.4,18.8,19.4,6.2
2007-T2,200702,2007,2,1,32718.0,171.99,0.6,5.9,2.2,-2.1,155432.0,129.07,8.7,4.9,6.5,3.3,385915.0,142.25,6.0,5.1,5.8,1.1,670655.0,140.77,6.5,5.3,5.9,1.7,400751.0,133.74,6.2,5.7,6.3,1.3,123655.0,129.57,6.6,4.9,5.5,2.4,119167.0,130.25,12.4,8.5,9.8,4.0,15017.0,,,,,,89585.0,247.91,12.8,7.7,9.2,-1.6,77520.0,158.36,17.6,19.8,18.4,1.3
2007-T3,200703,2007,3,2,29821.0,173.48,4.7,4.3,3.0,7.5,166712.0,135.84,7.0,6.0,6.7,0.3,392991.0,145.27,5.4,5.4,5.7,0.8,691846.0,144.75,5.9,5.6,5.9,1.0,410354.0,136.57,5.8,5.9,6.1,0.6,125131.0,129.3,4.9,5.5,5.3,-0.5,129921.0,139.41,14.2,10.7,11.4,1.8,16545.0,,,,,,95807.0,264.74,1.2,5.9,6.2,2.1,85912.0,181.12,19.4,19.6,18.8,6.8
2007-T4,200704,2007,4,2,23267.0,121.05,4.2,3.2,3.2,0.0,165884.0,135.12,5.0,6.2,6.2,0.8,427928.0,149.24,6.3,5.8,5.8,1.7,726339.0,145.43,6.6,6.1,6.1,1.5,432652.0,143.95,7.1,6.4,6.4,2.9,152024.0,132.1,0.7,4.1,4.1,-0.5,131177.0,138.18,13.7,12.0,12.0,2.7,4466.0,,,,,,92083.0,257.56,6.1,6.2,6.2,1.0,86063.0,184.69,21.7,19.6,19.6,3.6
2008-T1,200801,2008,1,1,42413.0,186.2,4.8,3.5,4.8,-0.1,151286.0,126.58,7.1,6.9,7.1,2.7,405964.0,145.34,5.3,5.7,5.3,1.6,712055.0,143.14,6.2,6.3,6.2,1.3,433753.0,139.44,7.2,6.6,7.2,2.2,128394.0,127.77,3.0,3.7,3.0,1.6,132371.0,136.67,12.0,13.1,12.0,3.4,23504.0,,,,,,80459.0,224.18,-1.8,4.4,-1.8,-2.8,86426.0,176.97,15.5,18.5,15.5,3.7
2008-T2,200802,2008,2,1,43289.0,191.02,11.1,6.4,7.9,3.2,176613.0,135.83,5.2,6.0,6.1,0.7,431586.0,150.48,5.8,5.7,5.5,1.6,769525.0,149.69,6.3,6.3,6.2,2.0,456473.0,143.15,7.0,6.8,7.1,1.1,139783.0,130.17,0.5,2.2,1.7,-0.1,147733.0,148.01,13.6,13.4,12.9,5.5,25906.0,,,,,,98393.0,262.52,5.9,2.9,2.2,5.3,98761.0,195.71,23.6,20.1,19.6,7.8
2008-T3,200803,2008,3,2,34035.0,182.18,5.0,6.4,6.9,1.9,204856.0,145.04,6.8,6.0,6.4,2.7,448852.0,154.29,6.2,5.9,5.8,1.2,812603.0,154.86,7.0,6.5,6.5,1.6,480468.0,147.99,8.4,7.4,7.5,1.9,144805.0,134.39,3.9,2.0,2.4,2.9,168886.0,164.44,18.0,14.4,14.7,5.0,17305.0,,,,,,115435.0,273.57,3.3,3.5,2.6,-2.1,114297.0,219.98,21.5,20.6,20.3,2.9
2008-T4,200804,2008,4,2,22315.0,122.05,0.8,5.8,5.8,-4.0,185152.0,131.97,-2.3,4.1,4.1,-7.9,480117.0,152.43,2.1,4.8,4.8,-2.2,815620.0,146.92,1.0,5.1,5.1,-3.8,486816.0,149.0,3.5,6.5,6.5,-1.6,172887.0,133.26,0.9,2.0,2.0,-3.4,153856.0,145.82,5.5,12.3,12.3,-8.1,2760.0,,,,,,126594.0,242.21,-6.0,0.4,0.4,-6.3,127292.0,200.1,8.3,17.0,17.0,-6.1
2009-T1,200901,2009,1,1,41178.0,183.59,-1.4,4.0,-1.4,-2.7,152809.0,112.91,-10.8,-0.2,-10.8,-6.4,453119.0,146.77,1.0,3.8,1.0,0.5,756127.0,139.67,-2.4,3.0,-2.4,-1.4,474264.0,142.61,2.3,5.2,2.3,0.9,150521.0,131.84,3.2,2.1,3.2,3.9,134945.0,123.7,-9.5,6.9,-9.5,-10.8,2750.0,,,,,,87415.0,192.54,-14.1,-2.4,-14.1,-6.7,93767.0,154.03,-13.0,9.8,-13.0,-14.6
2009-T2,200902,2009,2,1,40931.0,180.49,-5.5,-0.5,-3.5,-1.1,173009.0,125.01,-8.0,-3.5,-9.3,4.8,475784.0,151.51,0.7,2.5,0.8,1.3,803577.0,146.39,-2.2,0.8,-2.3,1.8,504220.0,148.83,4.0,4.5,3.1,2.9,150885.0,132.98,2.2,2.5,2.7,-1.2,147362.0,135.75,-8.3,1.3,-8.9,6.9,-3884.0,,,,,,93900.0,236.46,-9.9,-6.4,-11.9,4.8,88904.0,171.06,-12.6,0.9,-12.8,5.5
2009-T3,200903,2009,3,2,37986.0,168.51,-7.5,-3.8,-4.8,0.9,192928.0,136.69,-5.8,-6.6,-8.1,3.9,500473.0,156.47,1.4,1.3,1.0,1.8,852843.0,153.06,-1.2,-1.2,-1.9,2.3,534397.0,154.6,4.5,3.6,3.6,2.3,157480.0,134.8,0.3,1.6,1.9,1.1,172382.0,158.1,-3.9,-4.1,-7.0,9.7,-8458.0,,,,,,92906.0,247.75,-9.4,-9.7,-11.0,-2.0,95863.0,194.54,-11.6,-7.4,-12.3,5.0
2009-T4,200904,2009,4,2,29117.0,123.44,1.1,-3.7,-3.7,4.3,210476.0,139.44,5.7,-4.7,-4.7,4.1,541953.0,160.24,5.1,2.1,2.1,1.5,920492.0,154.75,5.3,-0.1,-0.1,2.6,552152.0,159.36,7.0,4.5,4.5,0.7,196078.0,141.45,6.1,2.9,2.9,2.4,181988.0,164.7,12.9,-2.1,-2.1,7.8,-601.0,,,,,,87460.0,233.03,-3.8,-9.2,-9.2,0.1,96585.0,212.89,6.4,-7.6,-7.6,11.9
2010-T1,201001,2010,1,1,43763.0,196.2,6.9,-1.5,6.9,1.9,192711.0,130.2,15.3,1.1,15.3,1.2,516585.0,155.88,6.2,3.3,6.2,1.5,886397.0,152.53,9.2,2.6,9.2,2.1,546392.0,153.25,7.5,5.7,7.5,1.4,163726.0,135.75,3.0,2.9,3.0,0.8,177984.0,159.58,29.0,6.2,29.0,2.2,12769.0,,,,,,86801.0,222.35,15.5,-3.2,15.5,11.0,101274.0,214.02,39.0,2.9,39.0,12.4
2010-T2,201002,2010,2,1,40362.0,198.64,10.1,2.8,8.4,2.3,221147.0,141.25,13.0,6.3,14.1,2.6,540506.0,160.64,6.0,4.7,6.1,1.1,944145.0,158.86,8.5,5.3,8.9,1.3,568567.0,156.86,5.4,6.1,6.4,1.0,172803.0,139.82,5.1,3.6,4.1,0.6,193393.0,166.86,22.9,14.0,25.8,1.8,15269.0,,,,,,105294.0,253.17,7.1,1.2,10.8,-1.9,111182.0,232.89,36.1,14.7,37.5,2.4
2010-T3,201003,2010,3,2,41884.0,177.85,5.5,6.3,7.5,-2.3,245530.0,148.05,8.3,10.3,12.0,0.4,562515.0,165.43,5.7,5.8,6.0,1.5,997935.0,163.63,6.9,7.5,8.2,0.9,596732.0,162.77,5.3,6.3,6.0,2.2,179940.0,141.32,4.8,4.8,4.3,1.0,214814.0,182.23,15.3,19.5,21.8,3.0,19071.0,,,,,,114225.0,276.31,11.5,7.2,11.1,3.6,126847.0,267.03,37.3,28.8,37.4,7.6
2010-T4,201004,2010,4,2,33923.0,127.28,3.1,6.7,6.7,1.8,244769.0,146.99,5.4,10.2,10.2,1.5,619144.0,168.73,5.3,5.8,5.8,1.1,1057370.0,163.55,5.7,7.5,7.5,1.4,628475.0,170.24,6.8,6.2,6.2,2.1,222498.0,145.4,2.8,3.9,3.9,0.4,211755.0,177.54,7.8,17.9,17.9,0.7,2111.0,,,,,,115900.0,264.6,13.5,11.7,11.7,0.5,123369.0,264.96,24.5,33.6,33.6,0.4
2011-T1,201101,2011,1,1,53738.0,206.74,5.4,6.3,5.4,2.3,228636.0,137.68,5.7,8.0,5.7,0.3,578819.0,163.22,4.7,5.4,4.7,0.9,1016531.0,160.45,5.2,6.6,5.2,1.3,623585.0,163.07,6.4,6.0,6.4,0.9,177786.0,139.26,2.6,3.8,2.6,0.8,209987.0,172.71,8.2,13.1,8.2,2.3,17803.0,,,,,,103744.0,231.77,4.2,9.2,4.2,1.8,116374.0,239.02,11.7,26.7,11.7,0.8
2011-T2,201102,2011,2,1,53828.0,200.08,0.7,3.7,3.0,-1.0,250398.0,148.49,5.1,6.1,5.4,3.3,621996.0,167.63,4.3,5.0,4.5,0.8,1086712.0,166.33,4.7,5.6,4.9,1.0,648649.0,167.26,6.6,6.3,6.5,1.3,199020.0,144.42,3.3,3.4,2.9,1.0,220962.0,180.43,8.1,9.8,8.2,1.8,24041.0,,,,,,124993.0,269.62,6.5,9.0,5.4,0.4,130951.0,265.71,14.1,21.3,12.9,4.3
2011-T3,201103,2011,3,2,48551.0,191.49,7.7,4.2,4.5,5.1,263385.0,153.92,4.0,5.0,4.9,-1.1,633878.0,170.09,2.8,4.3,3.9,0.0,1112334.0,169.41,3.5,4.8,4.5,-0.2,668612.0,169.21,4.0,5.9,5.6,-0.4,199027.0,143.82,1.8,2.6,2.5,-0.4,237137.0,192.72,5.8,7.4,7.3,1.2,12050.0,,,,,,137086.0,288.6,4.4,7.1,5.1,2.2,141579.0,282.84,5.9,13.6,10.3,1.1
2011-T4,201104,2011,4,2,33907.0,141.13,10.9,5.6,5.6,5.0,268615.0,149.71,1.9,4.1,4.1,-0.3,684710.0,172.24,2.1,3.5,3.5,0.4,1160805.0,167.75,2.6,4.0,4.0,0.9,696968.0,174.56,2.5,4.8,4.8,0.5,241205.0,147.19,1.2,2.2,2.2,-0.2,233842.0,187.24,5.5,6.8,6.8,0.1,-620.0,,,,,,141072.0,275.34,4.1,4.8,4.8,1.4,151662.0,283.29,6.9,9.4,9.4,2.7
2012-T1,201201,2012,1,1,54310.0,183.52,-11.2,0.8,-11.2,-19.6,248133.0,140.97,2.4,3.3,2.4,0.3,659567.0,166.76,2.2,2.8,2.2,0.9,1129474.0,163.19,1.7,3.1,1.7,-1.4,694701.0,167.93,3.0,4.0,3.0,1.4,194540.0,142.16,2.1,2.1,2.1,2.0,233275.0,178.13,3.1,5.6,3.1,-0.5,24963.0,,,,,,119043.0,244.15,5.3,5.1,5.3,-1.4,137048.0,254.74,6.6,8.2,6.6,-3.9
2012-T2,201202,2012,2,1,55518.0,199.76,-0.2,0.6,-5.8,12.3,263934.0,143.75,-3.2,1.2,-0.5,-2.1,688921.0,171.66,2.4,2.4,2.3,1.1,1183126.0,167.97,1.0,2.2,1.3,1.8,718126.0,170.97,2.2,2.9,2.6,0.8,215509.0,147.48,2.1,1.8,2.1,0.6,244240.0,182.44,1.1,3.9,2.1,0.2,19679.0,,,,,,146496.0,266.65,-1.1,3.1,1.9,-3.9,160923.0,272.29,2.5,5.4,4.4,2.4
2012-T3,201203,2012,3,2,51699.0,200.56,4.7,-0.1,-2.4,11.3,280234.0,153.21,-0.5,0.1,-0.5,1.6,710283.0,175.68,3.3,2.5,2.6,0.9,1230449.0,173.63,2.5,1.9,1.7,1.7,753551.0,175.85,3.9,2.9,3.0,1.3,215553.0,146.61,1.9,1.8,2.0,-0.5,259597.0,189.86,-1.5,2.0,0.8,-0.9,11259.0,,,,,,153303.0,278.3,-3.6,0.9,-0.1,2.3,162814.0,267.48,-5.4,2.4,0.9,-4.1
2012-T4,201204,2012,4,2,39168.0,132.8,-5.9,-3.1,-3.1,-5.1,273380.0,147.6,-1.4,-0.7,-0.7,-0.9,769112.0,178.62,3.7,2.9,2.9,0.7,1271711.0,171.91,2.5,1.9,1.9,0.0,790457.0,182.94,4.8,3.5,3.5,1.1,266578.0,151.52,2.9,2.3,2.3,0.9,260349.0,188.37,0.6,0.8,0.8,2.0,-22173.0,,,,,,153034.0,283.78,3.1,0.7,0.7,4.6,176532.0,288.47,1.8,1.1,1.1,6.1
2013-T1,201301,2013,1,1,70383.0,223.0,21.5,5.6,21.5,0.8,259834.0,138.96,-1.4,-1.6,-1.4,0.2,731039.0,171.4,2.8,3.0,2.8,0.0,1241614.0,167.63,2.7,2.2,2.7,0.5,777713.0,174.38,3.8,3.7,3.8,0.5,214488.0,141.99,-0.1,1.7,-0.1,-0.9,256607.0,183.39,3.0,0.8,3.0,1.2,31764.0,,,,,,125321.0,232.04,-5.0,-1.6,-5.0,-4.9,164280.0,272.11,6.8,1.3,6.8,3.5
2013-T2,201302,2013,2,1,65606.0,220.04,10.2,8.5,15.6,3.3,281661.0,150.15,4.4,0.3,1.5,3.2,782556.0,176.97,3.1,3.2,2.9,1.5,1322580.0,174.73,4.0,2.9,3.4,1.4,805985.0,178.01,4.1,4.2,4.0,1.3,247033.0,149.21,1.2,1.5,0.5,1.6,279535.0,197.93,8.5,2.6,5.8,5.9,15104.0,,,,,,156293.0,282.31,5.9,0.2,0.7,3.2,181369.0,290.32,6.6,2.3,6.7,1.3
2013-T3,201303,2013,3,2,58678.0,195.19,-2.7,6.4,9.3,-0.3,301155.0,157.6,2.9,1.1,2.0,0.4,803744.0,180.49,2.7,3.1,2.9,0.6,1354134.0,178.42,2.8,3.0,3.2,0.5,833145.0,181.96,3.5,4.1,3.8,0.6,244366.0,150.24,2.5,1.6,1.2,0.7,291365.0,203.81,7.3,4.9,6.3,-1.4,17267.0,,,,,,169810.0,285.22,2.5,1.8,1.3,-1.8,201819.0,297.5,11.2,6.6,8.2,-1.8
2013-T4,201304,2013,4,2,45623.0,138.33,4.2,8.4,8.4,1.4,288976.0,151.52,2.6,2.2,2.2,-0.8,864505.0,182.92,2.4,2.8,2.8,0.3,1413291.0,176.26,2.5,3.0,3.0,0.2,873580.0,187.56,2.5,3.5,3.5,-0.1,301388.0,155.21,2.4,1.5,1.5,1.1,287437.0,196.73,4.4,5.8,5.8,-1.0,-22450.0,,,,,,174627.0,292.94,3.2,1.8,1.8,8.0,201290.0,295.27,2.4,6.7,6.7,-0.3
2014-T1,201401,2014,1,1,74134.0,238.38,6.9,4.7,6.9,0.7,283279.0,144.36,3.9,3.4,3.9,0.0,831458.0,176.22,2.8,2.8,2.8,0.3,1385981.0,173.45,3.5,3.2,3.5,0.8,873828.0,180.61,3.6,3.4,3.6,1.6,244484.0,144.88,2.0,2.0,2.0,-1.2,287397.0,191.03,4.2,6.1,4.2,0.3,26687.0,,,,,,144492.0,237.63,2.4,3.5,2.4,-6.9,190907.0,271.94,-0.1,5.0,-0.1,-0.1
2014-T2,201402,2014,2,1,72795.0,220.45,0.2,2.1,3.6,-1.7,285801.0,144.84,-3.5,1.4,0.0,-2.4,867583.0,178.14,0.7,2.1,1.7,-0.5,1422322.0,173.97,-0.4,2.1,1.5,-1.5,888391.0,180.74,1.5,2.8,2.5,-0.5,269158.0,151.05,1.2,2.0,1.6,0.6,282408.0,185.27,-6.4,2.3,-1.3,-4.4,9822.0,,,,,,162059.0,279.59,-1.0,1.8,0.6,-0.7,189517.0,278.09,-4.2,2.2,-2.2,-1.7
2014-T3,201403,2014,3,2,58876.0,197.24,1.1,3.0,2.8,2.2,315402.0,152.0,-3.6,-0.3,-1.2,-0.6,893395.0,181.2,0.4,1.6,1.3,0.2,1462125.0,177.28,-0.6,1.2,0.8,-0.1,912055.0,183.97,1.1,2.2,2.1,0.1,272878.0,151.8,1.0,1.7,1.4,0.4,289656.0,188.63,-7.4,-1.5,-3.5,-2.3,20313.0,,,,,,171655.0,296.86,4.1,2.2,1.8,4.9,204433.0,299.42,0.6,-0.3,-1.2,2.7
2014-T4,201404,2014,4,2,44171.0,142.16,2.8,2.8,2.8,2.8,298612.0,148.0,-2.3,-1.5,-1.5,0.8,947229.0,183.25,0.2,1.0,1.0,0.1,1508525.0,175.86,-0.2,0.5,0.5,0.5,964130.0,192.84,2.8,2.3,2.3,1.5,320354.0,153.76,-0.9,0.8,0.8,-0.8,288992.0,183.9,-6.5,-4.2,-4.2,-0.2,-17793.0,,,,,,158169.0,261.28,-10.8,-1.6,-1.6,-6.9,205327.0,279.51,-5.3,-2.3,-2.3,-6.0
2015-T1,201501,2015,1,1,78592.0,255.39,7.1,2.9,7.1,2.2,278514.0,138.38,-4.1,-3.4,-4.1,-1.8,892866.0,174.09,-1.2,0.0,-1.2,-1.1,1456659.0,170.64,-1.6,-0.7,-1.6,-0.8,936567.0,179.47,-0.6,1.2,-0.6,-1.7,266316.0,144.33,-0.4,0.2,-0.4,-0.5,277305.0,173.0,-9.4,-7.4,-9.4,-3.1,24846.0,,,,,,153346.0,247.45,4.1,-1.2,4.1,6.2,201721.0,257.48,-5.3,-3.5,-5.3,-1.0
2015-T2,201502,2015,2,1,72124.0,230.36,4.5,4.1,5.9,-2.9,283634.0,137.94,-4.8,-3.7,-4.5,-3.3,917899.0,174.2,-2.2,-0.7,-1.7,-1.5,1479970.0,169.2,-2.7,-1.3,-2.2,-2.4,938595.0,176.8,-2.2,0.3,-1.4,-1.9,290179.0,148.59,-1.6,-0.5,-1.0,-0.8,267001.0,162.56,-12.3,-8.8,-10.8,-7.0,-725.0,,,,,,189848.0,304.21,8.8,1.3,6.7,4.9,204928.0,247.22,-11.1,-5.2,-8.2,-6.1
2015-T3,201503,2015,3,2,61128.0,196.81,-0.2,3.8,4.0,-0.8,307138.0,143.26,-5.8,-4.2,-4.9,-1.8,929429.0,175.04,-3.4,-1.7,-2.3,-1.0,1508228.0,169.72,-4.3,-2.2,-2.9,-1.6,959600.0,176.77,-3.9,-1.0,-2.3,-1.8,287922.0,149.1,-1.8,-1.2,-1.3,0.2,270304.0,160.49,-14.9,-10.7,-12.2,-5.6,-2492.0,,,,,,212638.0,303.2,2.1,0.8,5.0,-1.5,219745.0,240.04,-19.8,-10.5,-12.3,-8.8
2015-T4,201504,2015,4,2,47123.0,142.13,0.0,3.3,3.3,2.3,291501.0,135.68,-8.3,-5.8,-5.8,-1.8,995653.0,175.83,-4.0,-2.7,-2.7,-0.5,1550930.0,166.15,-5.5,-3.5,-3.5,-0.8,1000430.0,181.37,-5.9,-3.2,-3.2,-0.7,341359.0,150.84,-1.9,-1.4,-1.4,-0.9,254787.0,148.34,-19.3,-13.9,-13.9,-5.3,-47062.0,,,,,,217635.0,293.84,12.5,6.8,6.8,3.5,216219.0,224.02,-19.9,-14.2,-14.2,-5.3
2016-T1,201601,2016,1,1,87710.0,235.89,-7.6,-1.2,-7.6,-7.2,262129.0,128.1,-7.4,-6.6,-7.4,-0.3,937657.0,168.49,-3.2,-3.2,-3.2,-0.3,1500299.0,161.87,-5.1,-4.4,-5.1,-1.4,974593.0,169.39,-5.6,-4.4,-5.6,-1.3,284748.0,144.13,-0.1,-1.4,-0.1,1.5,240662.0,140.58,-18.7,-16.3,-18.7,-2.3,751.0,,,,,,195363.0,277.48,12.1,8.6,12.1,0.5,195819.0,201.63,-21.7,-18.1,-21.7,-5.6
2016-T2,201602,2016,2,1,88587.0,218.13,-5.3,-3.9,-6.5,0.1,286431.0,132.56,-3.9,-6.4,-5.7,-0.4,972896.0,170.45,-2.1,-3.2,-2.7,-0.4,1559050.0,163.75,-3.2,-4.5,-4.2,0.3,986780.0,168.88,-4.5,-5.0,-5.1,-0.6,312103.0,149.39,0.5,-0.8,0.2,-0.3,247849.0,145.16,-10.7,-16.0,-14.8,2.5,-3066.0,,,,,,208110.0,312.19,2.6,6.9,6.9,0.2,192726.0,220.89,-10.7,-18.2,-16.3,10.7
2016-T3,201603,2016,3,2,76306.0,188.11,-4.4,-4.9,-5.9,1.7,302914.0,138.34,-3.4,-5.8,-4.9,-1.2,988851.0,172.2,-1.6,-2.8,-2.3,-0.6,1577170.0,165.55,-2.5,-4.1,-3.6,-0.5,1016029.0,171.7,-2.9,-4.8,-4.3,-0.4,303263.0,149.04,0.0,-0.4,0.1,-0.4,246620.0,143.49,-10.6,-15.1,-13.5,-6.1,2958.0,,,,,,192894.0,300.14,-1.0,6.0,4.1,-5.0,184595.0,223.36,-6.9,-15.1,-13.3,-6.5
2016-T4,201604,2016,4,2,54051.0,139.47,-1.9,-5.2,-5.2,5.0,299246.0,130.91,-3.5,-4.6,-4.6,-1.8,1063042.0,172.48,-1.9,-2.2,-2.2,-0.6,1632808.0,162.39,-2.3,-3.3,-3.3,-0.1,1050734.0,177.02,-2.4,-3.8,-3.8,-0.2,377531.0,151.55,0.5,0.2,0.2,-0.2,238139.0,137.0,-7.6,-12.1,-12.1,-1.8,-35425.0,,,,,,185210.0,268.8,-8.5,0.9,0.9,-2.2,183380.0,222.68,-0.6,-10.3,-10.3,3.7
2017-T1,201701,2017,1,1,97889.0,283.97,20.4,3.0,20.4,11.9,281511.0,125.62,-1.9,-3.2,-1.9,0.8,991802.0,166.43,-1.2,-1.7,-1.2,0.3,1585673.0,162.33,0.3,-1.9,0.3,1.0,1017563.0,168.47,-0.5,-2.6,-0.5,0.6,302818.0,141.85,-1.6,-0.1,-1.6,-0.6,230521.0,133.14,-5.3,-8.7,-5.3,0.4,26445.0,,,,,,192344.0,281.74,1.5,-1.3,1.5,8.8,184018.0,224.55,11.4,-2.3,11.4,3.0
2017-T2,201702,2017,2,1,84391.0,253.24,16.1,9.1,18.3,-3.2,292266.0,129.54,-2.3,-2.8,-2.1,0.4,1037951.0,170.94,0.3,-1.1,-0.5,1.1,1630730.0,165.04,0.8,-0.9,0.5,0.8,1035708.0,171.49,1.5,-1.1,0.5,1.6,333559.0,148.0,-0.9,-0.5,-1.2,0.2,233218.0,134.06,-7.6,-7.9,-6.5,-0.1,-2996.0,,,,,,216288.0,318.64,2.1,-1.5,1.8,1.4,185048.0,218.17,-1.2,0.2,4.8,-0.1
2017-T3,201703,2017,3,2,70396.0,207.74,10.4,12.8,16.0,-2.2,311513.0,137.84,-0.4,-2.0,-1.5,0.1,1039350.0,174.76,1.5,-0.3,0.2,0.5,1648635.0,168.27,1.6,0.1,0.9,0.2,1070402.0,177.05,3.1,0.4,1.4,1.0,314361.0,147.89,-0.8,-0.7,-1.1,-0.1,245494.0,142.13,-0.9,-5.4,-4.6,0.4,8196.0,,,,,,210484.0,322.41,7.4,0.7,3.7,1.6,200300.0,240.08,7.5,4.1,5.7,2.4
2017-T4,201704,2017,4,2,50296.0,147.28,5.6,14.2,14.2,0.7,312510.0,134.25,2.6,-0.5,-0.5,1.1,1102052.0,176.74,2.5,0.8,0.8,0.5,1720441.0,166.58,2.6,1.3,1.3,0.5,1123586.0,183.58,3.7,2.0,2.0,0.3,377020.0,152.38,0.5,-0.7,-0.7,1.1,249546.0,142.42,4.0,-2.6,-2.6,3.2,-27260.0,,,,,,205319.0,292.71,8.9,4.9,4.9,-3.2,207771.0,244.11,9.6,6.7,6.7,4.0
2018-T1,201801,2018,1,1,97742.0,276.45,-2.6,6.6,-2.6,1.7,300093.0,127.28,1.3,0.3,1.3,0.4,1044747.0,170.95,2.7,1.7,2.7,0.6,1682083.0,165.42,1.9,1.7,1.9,0.6,1088772.0,174.67,3.7,3.0,3.7,0.8,315174.0,143.28,1.0,0.0,1.0,-0.1,245440.0,137.6,3.4,-0.5,3.4,-0.1,32104.0,,,,,,212288.0,295.95,5.0,5.7,5.0,4.8,211695.0,241.14,7.4,5.8,7.4,0.2
2018-T2,201802,2018,2,1,95160.0,255.26,0.8,2.5,-1.0,0.4,320865.0,131.05,1.2,1.1,1.2,-1.2,1077749.0,174.38,2.0,2.2,2.4,0.5,1734099.0,167.71,1.6,1.9,1.8,-0.1,1099647.0,175.19,2.2,3.2,2.9,0.2,342569.0,149.85,1.2,0.5,1.1,0.2,252954.0,139.35,3.9,2.5,3.7,0.6,17031.0,,,,,,248769.0,310.77,-2.5,4.5,1.1,-5.3,226871.0,230.48,5.6,7.5,6.5,-0.4
2018-T3,201803,2018,3,2,66423.0,217.7,4.8,1.4,0.6,2.1,348407.0,139.23,1.0,1.5,1.2,0.8,1099336.0,178.38,2.1,2.3,2.3,0.5,1767856.0,171.73,2.1,2.0,1.9,1.0,1143238.0,180.5,1.9,2.9,2.6,0.6,338339.0,150.23,1.6,1.1,1.3,0.4,285426.0,155.23,9.2,5.2,5.6,5.3,3484.0,,,,,,288213.0,330.38,2.5,3.2,1.6,6.9,290843.0,271.69,13.2,9.1,8.9,9.2
2018-T4,201804,2018,4,2,50287.0,154.48,4.9,1.3,1.3,1.7,343844.0,133.47,-0.6,0.7,0.7,-0.5,1166497.0,179.52,1.6,2.1,2.1,-0.1,1820103.0,169.17,1.6,1.8,1.8,-0.3,1194145.0,186.8,1.8,2.4,2.4,0.1,397398.0,151.4,-0.6,0.8,0.8,-1.3,273588.0,148.43,4.2,5.2,5.2,-1.6,-52750.0,,,,,,275786.0,327.64,11.9,4.1,4.1,3.3,268065.0,255.35,4.6,7.7,7.7,-6.0
2019-T1,201901,2019,1,1,94821.0,277.82,0.5,2.3,0.5,-4.3,306190.0,125.4,-1.5,0.0,-1.5,-1.0,1105719.0,173.7,1.6,1.8,1.6,0.8,1757554.0,166.91,0.9,1.5,0.9,0.3,1155353.0,178.63,2.3,2.0,2.3,1.4,332854.0,142.72,-0.4,0.4,-0.4,0.4,263449.0,141.67,3.0,5.1,3.0,-1.2,19790.0,,,,,,230569.0,289.61,-2.1,2.3,-2.1,-4.6,244462.0,234.64,-2.7,5.2,-2.7,-3.5
2019-T2,201902,2019,2,1,83473.0,257.28,0.8,2.3,0.6,1.4,343377.0,130.57,-0.4,-0.3,-0.9,0.8,1149985.0,176.64,1.3,1.6,1.5,0.3,1826761.0,169.68,1.2,1.4,1.0,0.6,1172601.0,179.46,2.4,2.1,2.4,0.4,367453.0,149.14,-0.5,0.0,-0.4,0.0,280716.0,149.65,7.4,6.0,5.2,5.1,1980.0,,,,,,263403.0,312.52,0.6,3.1,-0.8,-4.5,259391.0,241.95,5.0,5.0,1.1,6.5
2019-T3,201903,2019,3,2,75480.0,219.76,0.9,1.4,0.7,2.2,376960.0,138.23,-0.7,-0.8,-0.8,-0.1,1169820.0,180.5,1.2,1.4,1.4,0.2,1880610.0,173.64,1.1,1.2,1.1,0.0,1216014.0,185.2,2.6,2.3,2.4,0.6,357184.0,148.47,-1.2,-0.7,-0.7,-0.3,308672.0,162.78,4.9,4.9,5.1,2.8,20809.0,,,,,,278699.0,318.77,-3.5,1.5,-1.7,0.7,300767.0,278.19,2.4,2.3,1.5,4.3
2019-T4,201904,2019,4,2,56940.0,152.78,-1.1,0.4,0.4,1.0,359277.0,133.27,-0.1,-0.7,-0.7,0.2,1234642.0,183.02,1.9,1.5,1.5,0.4,1924206.0,172.03,1.7,1.2,1.2,0.9,1269611.0,192.49,3.0,2.6,2.6,0.6,419122.0,151.54,0.1,-0.5,-0.5,-0.1,290349.0,149.89,1.0,4.0,4.0,-5.6,-39209.0,,,,,,270890.0,311.45,-4.9,-2.6,-2.6,3.3,286558.0,257.19,0.7,1.3,1.3,-6.0
2020-T1,202001,2020,1,1,128729.0,297.62,7.1,2.5,7.1,1.5,336572.0,123.87,-1.2,-0.6,-1.2,-1.9,1141341.0,174.26,0.3,1.2,0.3,-0.5,1868095.0,167.6,0.4,1.1,0.4,-2.3,1211460.0,179.32,0.4,2.1,0.4,-1.0,344792.0,142.55,-0.1,-0.4,-0.1,0.4,302015.0,151.6,7.0,5.0,7.0,4.9,48642.0,,,,,,259853.0,281.67,-2.7,-2.7,-2.7,-3.6,298667.0,248.16,5.8,3.4,5.8,-0.5
2020-T2,202002,2020,2,1,128444.0,271.38,5.5,3.8,6.3,0.6,343114.0,113.39,-13.2,-3.8,-7.3,-11.6,1106257.0,159.41,-9.8,-1.6,-4.8,-9.7,1752724.0,152.48,-10.1,-1.7,-4.9,-8.9,1066604.0,159.39,-11.2,-1.2,-5.4,-11.3,381981.0,137.41,-7.9,-2.3,-4.1,-8.1,264650.0,127.91,-14.5,-0.5,-4.1,-16.0,-8502.0,,,,,,322289.0,313.4,0.3,-2.8,-1.2,-0.3,274297.0,207.54,-14.2,-1.2,-4.4,-12.3
2020-T3,202003,2020,3,2,100483.0,223.52,1.7,4.0,5.0,-1.4,405248.0,138.3,0.0,-3.6,-4.7,15.0,1155306.0,173.13,-4.1,-2.9,-4.5,6.3,1929323.0,168.37,-3.0,-2.8,-4.3,7.9,1200311.0,175.67,-5.1,-3.2,-5.3,7.3,366836.0,141.9,-4.4,-3.1,-4.2,3.5,316149.0,148.43,-8.8,-4.1,-5.8,9.8,-5508.0,,,,,,334871.0,313.81,-1.6,-2.3,-1.3,-0.9,283335.0,209.65,-24.6,-8.7,-11.8,-7.8
2020-T4,202004,2020,4,2,76965.0,153.01,0.2,4.2,4.2,0.8,399403.0,136.24,2.2,-3.0,-3.0,2.6,1273075.0,180.39,-1.4,-3.7,-3.7,3.2,2059455.0,171.46,-0.3,-3.3,-3.3,3.8,1326629.0,187.82,-2.4,-4.6,-4.6,3.6,438596.0,148.18,-2.2,-3.7,-3.7,2.3,377414.0,165.52,10.4,-1.7,-1.7,14.0,-68511.0,,,,,,335037.0,295.24,-5.2,-2.3,-2.3,-0.6,349709.0,250.71,-2.5,-9.5,-9.5,21.2
2021-T1,202101,2021,1,1,244068.0,309.43,4.0,3.2,4.0,3.7,426822.0,131.58,6.2,-1.2,6.2,2.1,1184303.0,173.37,-0.5,-3.9,-0.5,0.7,2156670.0,170.53,1.7,-2.9,1.7,0.9,1287344.0,176.64,-1.5,-5.0,-1.5,0.0,359922.0,139.57,-2.1,-4.2,-2.1,0.9,396730.0,169.31,11.7,-0.5,11.7,6.2,161381.0,,,,,,355130.0,280.58,-0.4,-1.7,-0.4,4.1,403836.0,269.36,8.5,-8.6,8.5,12.9
2021-T2,202102,2021,2,1,169064.0,266.28,-1.9,1.1,1.2,-5.2,493040.0,134.64,18.7,6.3,12.2,-2.2,1243949.0,176.62,10.8,0.9,4.9,0.5,2203639.0,171.38,12.4,2.4,6.8,-0.7,1306327.0,174.79,9.7,-0.2,3.8,-1.4,411468.0,148.58,8.1,-0.3,2.9,1.3,383293.0,161.99,26.7,9.0,18.5,-4.8,13019.0,,,,,,477524.0,352.36,12.4,1.4,6.4,9.5,387992.0,253.98,22.4,-0.7,14.8,-3.8
2021-T3,202103,2021,3,2,106886.0,208.28,-6.8,-0.9,-1.1,-5.9,555769.0,140.27,1.4,6.7,8.2,-1.0,1293682.0,183.12,5.8,3.4,5.2,1.2,2295851.0,175.46,4.2,4.3,5.9,0.1,1413002.0,182.35,3.8,2.1,3.8,1.5,408387.0,150.53,6.1,2.3,4.0,1.3,419005.0,170.39,14.8,15.5,17.2,-0.1,13361.0,,,,,,454799.0,321.56,2.5,2.4,5.0,-9.5,412703.0,257.85,23.0,11.9,17.4,-6.3
2021-T4,202104,2021,4,2,71067.0,161.57,5.6,0.0,0.0,15.9,518168.0,131.08,-3.8,5.0,5.0,-2.6,1407180.0,187.08,3.7,4.8,4.8,1.4,2355982.0,173.96,1.5,4.8,4.8,1.3,1523898.0,189.17,0.7,3.0,3.0,0.8,491759.0,155.14,4.7,4.2,4.2,1.3,415754.0,168.35,1.7,12.9,12.9,0.7,-43203.0,,,,,,434716.0,302.38,2.4,4.4,4.4,-0.5,466942.0,260.87,4.0,13.8,13.8,2.5
2022-T1,202201,2022,1,1,170408.0,288.89,-6.6,-3.4,-6.6,-9.6,494170.0,128.55,-2.3,2.9,-2.3,3.3,1318603.0,179.87,3.7,5.9,3.7,0.8,2319528.0,173.05,1.5,4.7,1.5,0.7,1475027.0,179.69,1.7,3.8,1.7,1.0,385343.0,145.18,4.0,5.7,4.0,0.1,410115.0,159.3,-5.9,8.0,-5.9,-1.9,53453.0,,,,,,437089.0,304.87,8.7,6.5,8.7,9.7,441498.0,241.79,-10.2,8.2,-10.2,-2.4
2022-T2,202202,2022,2,1,162485.0,263.83,-0.9,-3.1,-4.0,-0.8,594970.0,136.1,1.1,-0.9,-0.6,1.7,1428022.0,184.98,4.7,4.5,4.2,1.2,2517481.0,177.45,3.5,2.7,2.5,1.1,1563936.0,184.36,5.5,2.9,3.6,2.0,456787.0,151.3,1.8,4.1,2.9,-0.9,435559.0,165.23,2.0,2.8,-2.0,3.3,19318.0,,,,,,510857.0,337.97,-4.1,2.0,1.6,-3.5,468975.0,253.88,0.0,3.1,-5.3,5.6
2022-T3,202203,2022,3,2,145705.0,226.66,8.8,0.4,-0.6,4.8,617098.0,143.97,2.6,-0.6,0.5,0.3,1496717.0,192.22,5.0,4.3,4.5,1.2,2601182.0,183.04,4.3,2.7,3.1,1.1,1626419.0,191.02,4.8,3.1,4.0,0.7,462230.0,154.52,2.6,3.3,2.8,2.0,476868.0,179.03,5.1,0.7,0.4,3.2,35057.0,,,,,,538197.0,347.67,8.1,3.5,3.8,2.8,537589.0,286.04,10.9,1.0,0.1,5.1
2022-T4,202204,2022,4,2,102745.0,155.54,-3.7,-1.1,-1.1,4.2,593889.0,137.12,4.6,1.5,1.5,-0.6,1611663.0,193.78,3.6,4.3,4.3,0.4,2641485.0,178.65,2.7,3.0,3.0,0.4,1691277.0,197.86,4.6,4.1,4.1,1.0,550524.0,155.54,0.3,2.1,2.1,-0.9,471681.0,173.78,3.2,1.1,1.1,-1.1,-78817.0,,,,,,492575.0,338.56,12.0,5.7,5.7,4.5,485755.0,270.25,3.6,1.0,1.0,-2.1
2023-T1,202301,2023,1,1,196486.0,359.09,24.3,8.7,24.3,15.0,562977.0,130.6,1.6,2.5,1.6,0.1,1501240.0,186.1,3.5,4.2,3.5,0.6,2581018.0,180.74,4.4,3.8,4.4,1.3,1635673.0,186.93,4.0,4.7,4.0,0.2,435039.0,147.36,1.5,1.5,1.5,1.4,440153.0,161.61,1.5,3.0,1.5,-3.8,37971.0,,,,,,467382.0,326.53,7.1,5.4,7.1,1.3,435199.0,245.84,1.7,4.1,1.7,-7.7
2023-T2,202302,2023,2,1,194327.0,323.39,22.6,15.4,23.5,-4.0,603144.0,137.37,0.9,2.4,1.3,1.0,1592737.0,190.85,3.2,3.8,3.3,0.8,2727580.0,184.28,3.9,3.8,4.1,0.8,1686827.0,190.06,3.1,4.1,3.6,1.0,511529.0,158.62,4.8,2.3,3.2,2.4,444049.0,162.67,-1.5,2.1,-0.1,0.2,-578.0,,,,,,509059.0,376.77,11.5,9.7,9.4,2.8,423307.0,256.55,1.1,4.4,1.4,5.6
2023-T3,202303,2023,3,2,157149.0,248.43,9.6,15.5,19.4,-4.3,620226.0,145.65,1.2,2.0,1.2,0.6,1629060.0,196.61,2.3,3.1,3.0,0.4,2769445.0,187.35,2.4,3.3,3.5,0.1,1748852.0,197.26,3.3,3.7,3.5,0.9,506846.0,159.96,3.5,2.5,3.3,0.4,454830.0,166.78,-6.8,-1.1,-2.5,-2.3,-10109.0,,,,,,495090.0,381.12,9.6,10.1,9.5,2.3,426064.0,269.37,-5.8,-0.1,-1.3,0.3
2023-T4,202304,2023,4,2,111162.0,156.39,0.5,16.3,16.3,-2.5,636966.0,141.29,3.0,1.7,1.7,1.5,1753118.0,198.14,2.2,2.8,2.8,0.7,2865301.0,182.9,2.4,3.2,3.2,0.4,1814674.0,203.08,2.6,3.2,3.2,0.8,630485.0,163.47,5.1,3.8,3.8,1.1,456877.0,166.1,-4.4,-3.0,-3.0,1.7,-98451.0,,,,,,494914.0,363.24,7.3,8.9,8.9,0.6,433197.0,267.76,-0.9,-1.2,-1.2,2.0
2024-T1,202401,2024,1,1,190749.0,334.28,-6.9,5.7,-6.9,3.6,572315.0,134.47,3.0,2.0,3.0,0.5,1619175.0,192.65,3.5,2.8,3.5,1.7,2764833.0,185.18,2.5,2.8,2.5,0.7,1784961.0,196.65,5.2,3.5,5.2,2.3,475444.0,152.62,3.6,4.3,3.6,-0.4,458641.0,165.76,2.6,-2.7,2.6,2.9,26433.0,,,,,,453419.0,345.64,5.9,8.6,5.9,-0.7,434065.0,272.35,10.8,0.9,10.8,3.3
2024-T2,202402,2024,2,1,203684.0,311.67,-3.6,-1.3,-5.4,-1.6,619057.0,142.81,4.0,2.8,3.5,0.8,1708117.0,198.16,3.8,3.0,3.7,1.0,2934759.0,190.68,3.5,2.7,3.0,1.7,1834839.0,200.34,5.4,4.1,5.3,1.1,551037.0,162.02,2.1,3.6,2.8,1.0,482720.0,171.18,5.2,-1.1,3.9,2.8,28740.0,,,,,,535797.0,392.68,4.2,6.7,5.0,2.3,498373.0,296.12,15.4,4.4,13.2,8.6
2024-T3,202403,2024,3,2,170874.0,247.07,-0.5,-3.4,-4.1,0.5,643971.0,150.41,3.3,3.3,3.4,0.6,1767211.0,205.03,4.3,3.5,3.9,0.8,3015936.0,195.1,4.1,3.1,3.4,0.9,1932140.0,208.76,5.8,4.8,5.5,1.3,546460.0,163.74,2.4,3.3,2.7,0.5,524523.0,183.91,10.3,3.3,6.1,2.3,21925.0,,,,,,562370.0,388.79,2.0,4.7,3.9,-1.6,571481.0,320.75,19.1,11.0,15.2,1.8
2024-T4,202404,2024,4,2,112268.0,153.6,-1.8,-3.7,-3.7,-2.2,631313.0,144.34,2.2,3.1,3.1,0.3,1875368.0,205.03,3.5,3.8,3.8,0.0,3063723.0,189.45,3.6,3.4,3.4,0.1,1981637.0,211.23,4.0,5.1,5.1,-0.6,637977.0,163.62,0.1,2.0,2.0,-1.0,525913.0,181.4,9.2,6.9,6.9,1.3,-68608.0,,,,,,561444.0,360.54,-0.7,2.8,2.8,-2.2,574640.0,312.19,16.6,15.6,15.6,0.8
2025-T1,202501,2025,1,1,245582.0,377.24,12.9,2.5,12.9,16.1,592624.0,137.71,2.4,3.0,2.4,0.0,1761351.0,196.7,2.1,3.4,2.1,0.3,3024723.0,191.02,3.1,3.6,3.1,1.3,1934192.0,201.02,2.2,4.4,2.2,0.2,521189.0,155.7,2.0,1.6,2.0,1.5,530908.0,180.69,9.0,8.4,9.0,2.2,75911.0,,,,,,532283.0,349.82,1.2,1.7,1.2,4.5,569760.0,308.46,13.3,16.1,13.3,3.4
2025-T2,202502,2025,2,1,251976.0,347.58,11.5,7.1,12.2,-3.2,643604.0,144.37,1.1,2.2,1.7,0.7,1876137.0,201.96,1.9,2.9,2.0,0.8,3200345.0,195.18,2.4,3.3,2.7,0.4,1992000.0,203.94,1.8,3.5,2.0,0.8,598349.0,163.5,0.9,1.3,1.4,0.0,530091.0,178.21,4.1,8.1,6.5,-1.9,51496.0,,,,,,581149.0,400.89,2.1,1.2,1.7,1.8,552741.0,307.61,3.9,13.0,8.4,-2.5
2025-T3,202503,2025,3,2,176191.0,272.12,10.1,9.6,11.6,0.5,682155.0,152.97,1.7,1.8,1.7,0.6,1928012.0,207.67,1.3,2.2,1.8,0.3,3235708.0,198.66,1.8,2.7,2.4,0.1,2050092.0,209.51,0.4,2.1,1.4,-0.1,607065.0,166.75,1.8,1.2,1.6,1.3,558726.0,188.18,2.3,6.0,5.0,0.7,16607.0,,,,,,580544.0,416.8,7.2,2.5,3.6,3.3,577327.0,327.9,2.2,8.6,6.2,0.5
2025-T4,202504,2025,4,2,101548.0,172.17,12.1,11.7,11.7,0.7,648431.0,145.24,0.6,1.4,1.4,-0.7,2044370.0,209.08,2.0,1.8,1.8,0.6,3277790.0,192.94,1.8,2.3,2.3,0.2,2105049.0,213.24,1.0,1.3,1.3,0.1,710811.0,169.56,3.6,2.1,2.1,1.0,525325.0,175.74,-3.1,2.9,2.9,-3.8,-113828.0,,,,,,576128.0,411.85,14.2,6.2,6.2,3.8,525696.0,311.14,-0.3,4.5,4.5,-1.1
2026-T1,202601,2026,1,1,230386.0,379.78,0.7,7.5,0.7,2.3,632852.0,139.96,1.6,1.3,1.6,1.2,1926570.0,200.91,2.1,1.8,2.1,0.4,3250979.0,194.53,1.8,2.0,1.8,1.1,2054680.0,204.54,1.7,1.2,1.7,0.8,598994.0,160.01,2.8,2.3,2.8,0.4,535207.0,178.18,-1.4,0.4,-1.4,3.4,73060.0,,,,,,519931.0,375.72,7.4,7.6,7.4,-2.1,530893.0,312.21,1.2,1.7,1.2,4.2
2026-T2,202602,2026,2,1,204591.0,371.09,6.8,6.2,3.6,2.8,706134.0,146.53,1.5,1.4,1.6,0.1,2027144.0,205.03,1.5,1.7,1.8,0.2,3425728.0,199.05,2.0,1.9,1.9,0.5,2112893.0,204.86,0.5,0.9,1.1,-0.4,667666.0,168.48,3.1,2.8,2.9,0.4,552092.0,180.75,1.4,-0.2,0.0,1.2,51550.0,,,,,,597945.0,416.3,3.8,8.0,5.5,-0.8,556418.0,324.6,5.5,2.1,3.4,1.8
